Centro;Almacen;Material;St.Valorad;UM;St.traslad;UM;Desc.Mat.;Jer.Prod.;Lote;Creacion;UltimaMod;Periodo;Mes;NºPiezas;NºPaquete;Certifica
TMT1;0055;000000000000798374;0,099;M3;0,000;;TRU UL C2 3660x1524x18/1RA/TA44;MAMDFMDF01MF010329;3123837358;05-03-2026;00000000;2026;6;0,99;0,02;No certificado
TMT1;0055;000000000000798479;0,001;M3;0,000;;TRU UL C2 S/F 4880x1220x14/1RA/TA69;MAMDFMDF01MF010397;3124063695;23-03-2026;00000000;2026;6;0,01;0,00;No certificado
TMT1;0055;000000000000798479;0,001;M3;0,000;;TRU UL C2 S/F 4880x1220x14/1RA/TA69;MAMDFMDF01MF010397;3124086850;24-04-2026;00000000;2026;4;0,01;0,00;No certificado
TMT1;0055;000000000000798479;0,001;M3;0,000;;TRU UL C2 S/F 4880x1220x14/1RA/TA69;MAMDFMDF01MF010397;3124086906;23-04-2026;00000000;2026;4;0,01;0,00;No certificado
TMT1;0055;000000000000798479;0,001;M3;0,000;;TRU UL C2 S/F 4880x1220x14/1RA/TA69;MAMDFMDF01MF010397;3124087032;22-04-2026;00000000;2026;4;0,01;0,00;No certificado
TMT1;0055;000000000000798479;0,001;M3;0,000;;TRU UL C2 S/F 4880x1220x14/1RA/TA69;MAMDFMDF01MF010397;3124106347;06-05-2026;00000000;2026;5;0,01;0,00;No certificado
TMT1;0055;000000000000798479;0,001;M3;0,000;;TRU UL C2 S/F 4880x1220x14/1RA/TA69;MAMDFMDF01MF010397;3124110384;12-05-2026;00000000;2026;5;0,01;0,00;No certificado
TMT1;0055;000000000000798479;0,082;M3;0,000;;TRU UL C2 S/F 4880x1220x14/1RA/TA69;MAMDFMDF01MF010397;3124139039;08-06-2026;00000000;2026;7;0,98;0,01;No certificado
TMT1;0055;000000000000798479;0,001;M3;0,000;;TRU UL C2 S/F 4880x1220x14/1RA/TA69;MAMDFMDF01MF010397;3124151155;12-06-2026;00000000;2026;6;0,01;0,00;No certificado
TMT1;0055;000000000000798479;0,001;M3;0,000;;TRU UL C2 S/F 4880x1220x14/1RA/TA69;MAMDFMDF01MF010397;3124153876;15-06-2026;00000000;2026;6;0,01;0,00;No certificado
TMT1;0055;000000000000798479;0,001;M3;0,000;;TRU UL C2 S/F 4880x1220x14/1RA/TA69;MAMDFMDF01MF010397;3124158031;25-06-2026;00000000;2026;9;0,01;0,00;No certificado
TMT1;0055;000000000000798479;0,001;M3;0,000;;TRU UL C2 S/F 4880x1220x14/1RA/TA69;MAMDFMDF01MF010397;3124158041;24-06-2026;00000000;2026;6;0,01;0,00;No certificado
TMT1;0055;000000000000798479;0,001;M3;0,000;;TRU UL C2 S/F 4880x1220x14/1RA/TA69;MAMDFMDF01MF010397;3124168727;08-07-2026;00000000;2026;9;0,01;0,00;No certificado
TMT1;0055;000000000000798479;0,001;M3;0,000;;TRU UL C2 S/F 4880x1220x14/1RA/TA69;MAMDFMDF01MF010397;3124199528;10-08-2026;00000000;2026;8;0,01;0,00;No certificado
TMT1;0055;000000000000798479;1,500;M3;0,000;;TRU UL C2 S/F 4880x1220x14/1RA/TA69;MAMDFMDF01MF010397;3124213712;27-08-2026;00000000;2026;8;18,00;0,26;No certificado
TMT1;0055;000000000000798479;0,083;M3;0,000;;TRU UL C2 S/F 4880x1220x14/1RA/TA69;MAMDFMDF01MF010397;3124213864;22-08-2026;00000000;2026;9;1,00;0,01;No certificado
TMT1;0055;000000000000798479;5,751;M3;0,000;;TRU UL C2 S/F 4880x1220x14/1RA/TA69;MAMDFMDF01MF010397;3124224216;07-09-2026;00000000;2026;9;69,00;1,00;No certificado
TMT1;0055;000000000000798479;5,751;M3;0,000;;TRU UL C2 S/F 4880x1220x14/1RA/TA69;MAMDFMDF01MF010397;3124224217;07-09-2026;00000000;2026;9;69,00;1,00;No certificado
TMT1;0055;000000000000798479;5,751;M3;0,000;;TRU UL C2 S/F 4880x1220x14/1RA/TA69;MAMDFMDF01MF010397;3124224237;07-09-2026;00000000;2026;9;69,00;1,00;No certificado
TMT1;0055;000000000000798479;2,667;M3;0,000;;TRU UL C2 S/F 4880x1220x14/1RA/TA69;MAMDFMDF01MF010397;3124224238;07-09-2026;00000000;2026;9;32,00;0,46;No certificado
TMT1;0055;000000000000798479;3,334;M3;0,000;;TRU UL C2 S/F 4880x1220x14/1RA/TA69;MAMDFMDF01MF010397;3124224249;05-09-2026;00000000;2026;9;40,00;0,58;No certificado
TMT1;0055;000000000000798479;0,001;M3;0,000;;TRU UL C2 S/F 4880x1220x14/1RA/TA69;MAMDFMDF01MF010397;3124224292;03-09-2026;00000000;2026;9;0,01;0,00;No certificado
TMT1;0055;000000000000798479;2,917;M3;0,000;;TRU UL C2 S/F 4880x1220x14/1RA/TA69;MAMDFMDF01MF010397;3124224433;01-09-2026;00000000;2026;9;35,00;0,51;No certificado
TMT1;0055;000000000000798479;1,084;M3;0,000;;TRU UL C2 S/F 4880x1220x14/1RA/TA69;MAMDFMDF01MF010397;3124228159;07-09-2026;00000000;2026;9;13,01;0,19;No certificado
TMT1;0055;000000000000798479;2,834;M3;0,000;;TRU UL C2 S/F 4880x1220x14/1RA/TA69;MAMDFMDF01MF010397;3124228207;09-09-2026;00000000;2026;9;34,00;0,49;No certificado
TMT1;0055;000000000000798479;5,751;M3;0,000;;TRU UL C2 S/F 4880x1220x14/1RA/TA69;MAMDFMDF01MF010397;3124228209;08-09-2026;00000000;2026;9;69,00;1,00;No certificado
TMT1;0055;000000000000798479;5,751;M3;0,000;;TRU UL C2 S/F 4880x1220x14/1RA/TA69;MAMDFMDF01MF010397;3124228210;09-09-2026;00000000;2026;9;69,00;1,00;No certificado
TMT1;0055;000000000000798479;5,751;M3;0,000;;TRU UL C2 S/F 4880x1220x14/1RA/TA69;MAMDFMDF01MF010397;3124228217;08-09-2026;00000000;2026;9;69,00;1,00;No certificado
TMT1;0055;000000000000798479;2,500;M3;0,000;;TRU UL C2 S/F 4880x1220x14/1RA/TA69;MAMDFMDF01MF010397;3124228231;08-09-2026;00000000;2026;9;29,99;0,43;No certificado
TMT1;0055;000000000000798479;5,751;M3;0,000;;TRU UL C2 S/F 4880x1220x14/1RA/TA69;MAMDFMDF01MF010397;3124228235;08-09-2026;00000000;2026;9;69,00;1,00;No certificado
TMT1;0055;000000000000798479;5,751;M3;0,000;;TRU UL C2 S/F 4880x1220x14/1RA/TA69;MAMDFMDF01MF010397;3124228243;08-09-2026;00000000;2026;9;69,00;1,00;No certificado
TMT1;0055;000000000000798479;5,501;M3;0,000;;TRU UL C2 S/F 4880x1220x14/1RA/TA69;MAMDFMDF01MF010397;3124228251;08-09-2026;00000000;2026;9;66,00;0,96;No certificado
TMT1;0055;000000000000798496;0,001;M3;0,000;;TRU UL C2 S/F 4880x1220x12/1RA/TA78;MAMDFMDF01MF010397;3124004664;20-01-2026;00000000;2026;6;0,01;0,00;No certificado
TMT1;0055;000000000000798496;0,001;M3;0,000;;TRU UL C2 S/F 4880x1220x12/1RA/TA78;MAMDFMDF01MF010397;3124073588;02-04-2026;00000000;2026;4;0,01;0,00;No certificado
TMT1;0055;000000000000798496;0,001;M3;0,000;;TRU UL C2 S/F 4880x1220x12/1RA/TA78;MAMDFMDF01MF010397;3124124494;04-06-2026;00000000;2026;6;0,01;0,00;No certificado
TMT1;0055;000000000000798496;0,001;M3;0,000;;TRU UL C2 S/F 4880x1220x12/1RA/TA78;MAMDFMDF01MF010397;3124157724;01-07-2026;00000000;2026;7;0,01;0,00;No certificado
TMT1;0055;000000000000798496;2,143;M3;0,000;;TRU UL C2 S/F 4880x1220x12/1RA/TA78;MAMDFMDF01MF010397;3124191733;01-08-2026;00000000;2026;9;29,99;0,38;No certificado
TMT1;0055;000000000000798496;0,071;M3;0,000;;TRU UL C2 S/F 4880x1220x12/1RA/TA78;MAMDFMDF01MF010397;3124193484;01-08-2026;00000000;2026;9;0,99;0,01;No certificado
TMT1;0055;000000000000798496;5,573;M3;0,000;;TRU UL C2 S/F 4880x1220x12/1RA/TA78;MAMDFMDF01MF010397;3124193497;03-08-2026;00000000;2026;9;78,00;1,00;No certificado
TMT1;0055;000000000000798496;5,573;M3;0,000;;TRU UL C2 S/F 4880x1220x12/1RA/TA78;MAMDFMDF01MF010397;3124193500;03-08-2026;00000000;2026;9;78,00;1,00;No certificado
TMT1;0055;000000000000798496;5,573;M3;0,000;;TRU UL C2 S/F 4880x1220x12/1RA/TA78;MAMDFMDF01MF010397;3124193501;03-08-2026;00000000;2026;9;78,00;1,00;No certificado
TMT1;0055;000000000000798496;5,573;M3;0,000;;TRU UL C2 S/F 4880x1220x12/1RA/TA78;MAMDFMDF01MF010397;3124193505;03-08-2026;00000000;2026;9;78,00;1,00;No certificado
TMT1;0055;000000000000798496;4,287;M3;0,000;;TRU UL C2 S/F 4880x1220x12/1RA/TA78;MAMDFMDF01MF010397;3124193563;01-08-2026;00000000;2026;9;60,00;0,77;No certificado
TMT1;0055;000000000000798496;4,287;M3;0,000;;TRU UL C2 S/F 4880x1220x12/1RA/TA78;MAMDFMDF01MF010397;3124193564;01-08-2026;00000000;2026;9;60,00;0,77;No certificado
TMT1;0055;000000000000798496;0,001;M3;0,000;;TRU UL C2 S/F 4880x1220x12/1RA/TA78;MAMDFMDF01MF010397;3124195330;13-08-2026;00000000;2026;8;0,01;0,00;No certificado
TMT1;0055;000000000000798496;5,573;M3;0,000;;TRU UL C2 S/F 4880x1220x12/1RA/TA78;MAMDFMDF01MF010397;3124223143;01-09-2026;00000000;2026;9;78,00;1,00;No certificado
TMT1;0055;000000000000798496;5,573;M3;0,000;;TRU UL C2 S/F 4880x1220x12/1RA/TA78;MAMDFMDF01MF010397;3124223185;01-09-2026;00000000;2026;9;78,00;1,00;No certificado
TMT1;0055;000000000000798496;5,573;M3;0,000;;TRU UL C2 S/F 4880x1220x12/1RA/TA78;MAMDFMDF01MF010397;3124223186;01-09-2026;00000000;2026;9;78,00;1,00;No certificado
TMT1;0055;000000000000798496;5,573;M3;0,000;;TRU UL C2 S/F 4880x1220x12/1RA/TA78;MAMDFMDF01MF010397;3124223189;01-09-2026;00000000;2026;9;78,00;1,00;No certificado
TMT1;0055;000000000000798496;5,573;M3;0,000;;TRU UL C2 S/F 4880x1220x12/1RA/TA78;MAMDFMDF01MF010397;3124223200;01-09-2026;00000000;2026;9;78,00;1,00;No certificado
TMT1;0055;000000000000798496;0,714;M3;0,000;;TRU UL C2 S/F 4880x1220x12/1RA/TA78;MAMDFMDF01MF010397;3124223205;04-09-2026;00000000;2026;9;9,99;0,13;No certificado
TMT1;0055;000000000000798496;4,001;M3;0,000;;TRU UL C2 S/F 4880x1220x12/1RA/TA78;MAMDFMDF01MF010397;3124223307;04-09-2026;00000000;2026;9;56,00;0,72;No certificado
TMT1;0055;000000000000798496;5,573;M3;0,000;;TRU UL C2 S/F 4880x1220x12/1RA/TA78;MAMDFMDF01MF010397;3124223704;05-09-2026;00000000;2026;9;78,00;1,00;No certificado
TMT1;0055;000000000000798496;1,072;M3;0,000;;TRU UL C2 S/F 4880x1220x12/1RA/TA78;MAMDFMDF01MF010397;3124223992;09-09-2026;00000000;2026;9;15,00;0,19;No certificado
TMT1;0055;000000000000798496;5,573;M3;0,000;;TRU UL C2 S/F 4880x1220x12/1RA/TA78;MAMDFMDF01MF010397;3124224017;05-09-2026;00000000;2026;9;78,00;1,00;No certificado
TMT1;0055;000000000000798496;4,072;M3;0,000;;TRU UL C2 S/F 4880x1220x12/1RA/TA78;MAMDFMDF01MF010397;3124225683;09-09-2026;00000000;2026;9;56,99;0,73;No certificado
TMT1;0055;000000000000798496;5,573;M3;0,000;;TRU UL C2 S/F 4880x1220x12/1RA/TA78;MAMDFMDF01MF010397;3124228309;09-09-2026;00000000;2026;9;78,00;1,00;No certificado
TMT1;0055;000000000000798496;5,573;M3;0,000;;TRU UL C2 S/F 4880x1220x12/1RA/TA78;MAMDFMDF01MF010397;3124228319;08-09-2026;00000000;2026;9;78,00;1,00;No certificado
TMT1;0055;000000000000798496;5,573;M3;0,000;;TRU UL C2 S/F 4880x1220x12/1RA/TA78;MAMDFMDF01MF010397;3124228662;10-09-2026;00000000;2026;9;78,00;1,00;No certificado
TMT1;0055;000000000000798496;5,573;M3;0,000;;TRU UL C2 S/F 4880x1220x12/1RA/TA78;MAMDFMDF01MF010397;3124228667;10-09-2026;00000000;2026;9;78,00;1,00;No certificado
TMT1;0055;000000000000798496;5,573;M3;0,000;;TRU UL C2 S/F 4880x1220x12/1RA/TA78;MAMDFMDF01MF010397;3124228668;10-09-2026;00000000;2026;9;78,00;1,00;No certificado
TMT1;0055;000000000000798496;5,573;M3;0,000;;TRU UL C2 S/F 4880x1220x12/1RA/TA78;MAMDFMDF01MF010397;3124228671;10-09-2026;00000000;2026;9;78,00;1,00;No certificado
TMT1;0055;000000000000798496;5,573;M3;0,000;;TRU UL C2 S/F 4880x1220x12/1RA/TA78;MAMDFMDF01MF010397;3124228681;10-09-2026;00000000;2026;9;78,00;1,00;No certificado
TMT1;0055;000000000000798496;5,573;M3;0,000;;TRU UL C2 S/F 4880x1220x12/1RA/TA78;MAMDFMDF01MF010397;3124228686;10-09-2026;00000000;2026;9;78,00;1,00;No certificado
TMT1;0055;000000000000798496;5,573;M3;0,000;;TRU UL C2 S/F 4880x1220x12/1RA/TA78;MAMDFMDF01MF010397;3124228687;10-09-2026;00000000;2026;9;78,00;1,00;No certificado
TMT1;0055;000000000000798496;5,573;M3;0,000;;TRU UL C2 S/F 4880x1220x12/1RA/TA78;MAMDFMDF01MF010397;3124228690;10-09-2026;00000000;2026;9;78,00;1,00;No certificado
TMT1;0055;000000000000798496;5,573;M3;0,000;;TRU UL C2 S/F 4880x1220x12/1RA/TA78;MAMDFMDF01MF010397;3124228691;10-09-2026;00000000;2026;9;78,00;1,00;No certificado
TMT1;0055;000000000000798496;1,358;M3;0,000;;TRU UL C2 S/F 4880x1220x12/1RA/TA78;MAMDFMDF01MF010397;3124228695;10-09-2026;00000000;2026;9;19,01;0,24;No certificado
TMT1;0055;000000000000798496;4,930;M3;0,000;;TRU UL C2 S/F 4880x1220x12/1RA/TA78;MAMDFMDF01MF010397;3124228698;10-09-2026;00000000;2026;9;69,00;0,88;No certificado
TMT1;0055;000000000000798496;5,573;M3;0,000;;TRU UL C2 S/F 4880x1220x12/1RA/TA78;MAMDFMDF01MF010397;3124228721;10-09-2026;00000000;2026;9;78,00;1,00;No certificado
TMT1;0055;000000000000798496;5,573;M3;0,000;;TRU UL C2 S/F 4880x1220x12/1RA/TA78;MAMDFMDF01MF010397;3124228750;09-09-2026;00000000;2026;9;78,00;1,00;No certificado
TMT1;0055;000000000000798496;5,073;M3;0,000;;TRU UL C2 S/F 4880x1220x12/1RA/TA78;MAMDFMDF01MF010397;3124228763;09-09-2026;00000000;2026;9;71,00;0,91;No certificado
TMT1;0055;000000000000798496;5,573;M3;0,000;;TRU UL C2 S/F 4880x1220x12/1RA/TA78;MAMDFMDF01MF010397;3124228775;09-09-2026;00000000;2026;9;78,00;1,00;No certificado
TMT1;0055;000000000000798499;0,100;M3;0,000;;TRU UL C2 S/F 4880x1220x17/1RA/TA54;MAMDFMDF01MF010397;3124048029;21-02-2026;00000000;2026;6;0,99;0,02;No certificado
TMT1;0055;000000000000798499;0,101;M3;0,000;;TRU UL C2 S/F 4880x1220x17/1RA/TA54;MAMDFMDF01MF010397;3124116425;23-05-2026;00000000;2026;6;1,00;0,02;No certificado
TMT1;0055;000000000000798499;0,101;M3;0,000;;TRU UL C2 S/F 4880x1220x17/1RA/TA54;MAMDFMDF01MF010397;3124116429;22-05-2026;00000000;2026;5;1,00;0,02;No certificado
TMT1;0055;000000000000798499;0,001;M3;0,000;;TRU UL C2 S/F 4880x1220x17/1RA/TA54;MAMDFMDF01MF010397;3124123671;02-06-2026;00000000;2026;6;0,01;0,00;No certificado
TMT1;0055;000000000000798499;0,101;M3;0,000;;TRU UL C2 S/F 4880x1220x17/1RA/TA54;MAMDFMDF01MF010397;3124123674;02-06-2026;00000000;2026;7;1,00;0,02;No certificado
TMT1;0055;000000000000798499;0,101;M3;0,000;;TRU UL C2 S/F 4880x1220x17/1RA/TA54;MAMDFMDF01MF010397;3124123718;02-06-2026;00000000;2026;7;1,00;0,02;No certificado
TMT1;0055;000000000000798499;5,465;M3;0,000;;TRU UL C2 S/F 4880x1220x17/1RA/TA54;MAMDFMDF01MF010397;3124123764;01-06-2026;00000000;2026;6;54,00;1,00;No certificado
TMT1;0055;000000000000798499;0,001;M3;0,000;;TRU UL C2 S/F 4880x1220x17/1RA/TA54;MAMDFMDF01MF010397;3124154808;01-07-2026;00000000;2026;8;0,01;0,00;No certificado
TMT1;0055;000000000000798499;0,101;M3;0,000;;TRU UL C2 S/F 4880x1220x17/1RA/TA54;MAMDFMDF01MF010397;3124157582;25-06-2026;00000000;2026;7;1,00;0,02;No certificado
TMT1;0055;000000000000798499;0,101;M3;0,000;;TRU UL C2 S/F 4880x1220x17/1RA/TA54;MAMDFMDF01MF010397;3124168222;11-07-2026;00000000;2026;8;1,00;0,02;No certificado
TMT1;0055;000000000000798499;0,001;M3;0,000;;TRU UL C2 S/F 4880x1220x17/1RA/TA54;MAMDFMDF01MF010397;3124176661;27-07-2026;00000000;2026;7;0,01;0,00;No certificado
TMT1;0055;000000000000798499;0,001;M3;0,000;;TRU UL C2 S/F 4880x1220x17/1RA/TA54;MAMDFMDF01MF010397;3124194768;05-08-2026;00000000;2026;8;0,01;0,00;No certificado
TMT1;0055;000000000000798499;1,518;M3;0,000;;TRU UL C2 S/F 4880x1220x17/1RA/TA54;MAMDFMDF01MF010397;3124211998;28-08-2026;00000000;2026;9;15,00;0,28;No certificado
TMT1;0055;000000000000798499;5,465;M3;0,000;;TRU UL C2 S/F 4880x1220x17/1RA/TA54;MAMDFMDF01MF010397;3124219628;08-09-2026;00000000;2026;9;54,00;1,00;No certificado
TMT1;0055;000000000000798499;5,465;M3;0,000;;TRU UL C2 S/F 4880x1220x17/1RA/TA54;MAMDFMDF01MF010397;3124219679;08-09-2026;00000000;2026;9;54,00;1,00;No certificado
TMT1;0055;000000000000798499;5,465;M3;0,000;;TRU UL C2 S/F 4880x1220x17/1RA/TA54;MAMDFMDF01MF010397;3124219680;08-09-2026;00000000;2026;9;54,00;1,00;No certificado
TMT1;0055;000000000000798499;1,619;M3;0,000;;TRU UL C2 S/F 4880x1220x17/1RA/TA54;MAMDFMDF01MF010397;3124220240;07-09-2026;00000000;2026;9;16,00;0,30;No certificado
TMT1;0055;000000000000798499;5,465;M3;0,000;;TRU UL C2 S/F 4880x1220x17/1RA/TA54;MAMDFMDF01MF010397;3124220247;07-09-2026;00000000;2026;9;54,00;1,00;No certificado
TMT1;0055;000000000000798499;0,506;M3;0,000;;TRU UL C2 S/F 4880x1220x17/1RA/TA54;MAMDFMDF01MF010397;3124222480;03-09-2026;00000000;2026;9;5,00;0,09;No certificado
TMT1;0055;000000000000798499;5,465;M3;0,000;;TRU UL C2 S/F 4880x1220x17/1RA/TA54;MAMDFMDF01MF010397;3124222535;02-09-2026;00000000;2026;9;54,00;1,00;No certificado
TMT1;0055;000000000000798499;5,465;M3;0,000;;TRU UL C2 S/F 4880x1220x17/1RA/TA54;MAMDFMDF01MF010397;3124222536;02-09-2026;00000000;2026;9;54,00;1,00;No certificado
TMT1;0055;000000000000798499;5,465;M3;0,000;;TRU UL C2 S/F 4880x1220x17/1RA/TA54;MAMDFMDF01MF010397;3124222541;02-09-2026;00000000;2026;9;54,00;1,00;No certificado
TMT1;0055;000000000000798499;5,465;M3;0,000;;TRU UL C2 S/F 4880x1220x17/1RA/TA54;MAMDFMDF01MF010397;3124222562;02-09-2026;00000000;2026;9;54,00;1,00;No certificado
TMT1;0055;000000000000798499;5,465;M3;0,000;;TRU UL C2 S/F 4880x1220x17/1RA/TA54;MAMDFMDF01MF010397;3124222651;05-09-2026;00000000;2026;9;54,00;1,00;No certificado
TMT1;0055;000000000000798499;2,834;M3;0,000;;TRU UL C2 S/F 4880x1220x17/1RA/TA54;MAMDFMDF01MF010397;3124222658;07-09-2026;00000000;2026;9;28,00;0,52;No certificado
TMT1;0055;000000000000798499;5,465;M3;0,000;;TRU UL C2 S/F 4880x1220x17/1RA/TA54;MAMDFMDF01MF010397;3124222668;05-09-2026;00000000;2026;9;54,00;1,00;No certificado
TMT1;0055;000000000000798499;5,465;M3;0,000;;TRU UL C2 S/F 4880x1220x17/1RA/TA54;MAMDFMDF01MF010397;3124222669;05-09-2026;00000000;2026;9;54,00;1,00;No certificado
TMT1;0055;000000000000798499;5,465;M3;0,000;;TRU UL C2 S/F 4880x1220x17/1RA/TA54;MAMDFMDF01MF010397;3124222682;05-09-2026;00000000;2026;9;54,00;1,00;No certificado
TMT1;0055;000000000000798499;5,465;M3;0,000;;TRU UL C2 S/F 4880x1220x17/1RA/TA54;MAMDFMDF01MF010397;3124222691;05-09-2026;00000000;2026;9;54,00;1,00;No certificado
TMT1;0055;000000000000798499;2,429;M3;0,000;;TRU UL C2 S/F 4880x1220x17/1RA/TA54;MAMDFMDF01MF010397;3124222695;03-09-2026;00000000;2026;9;24,00;0,44;No certificado
TMT1;0055;000000000000798499;5,465;M3;0,000;;TRU UL C2 S/F 4880x1220x17/1RA/TA54;MAMDFMDF01MF010397;3124222696;02-09-2026;00000000;2026;9;54,00;1,00;No certificado
TMT1;0055;000000000000798499;0,405;M3;0,000;;TRU UL C2 S/F 4880x1220x17/1RA/TA54;MAMDFMDF01MF010397;3124222731;03-09-2026;00000000;2026;9;4,00;0,07;No certificado
TMT1;0055;000000000000798499;1,417;M3;0,000;;TRU UL C2 S/F 4880x1220x17/1RA/TA54;MAMDFMDF01MF010397;3124222733;03-09-2026;00000000;2026;9;14,00;0,26;No certificado
TMT1;0055;000000000000798502;0,001;M3;0,000;;TRU UL C2 S/F 5185x1220x17/1RA/TA54;MAMDFMDF01MF011213;3124101749;08-05-2026;00000000;2026;5;0,01;0,00;No certificado
TMT1;0055;000000000000798502;0,001;M3;0,000;;TRU UL C2 S/F 5185x1220x17/1RA/TA54;MAMDFMDF01MF011213;3124164960;07-07-2026;00000000;2026;9;0,01;0,00;No certificado
TMT1;0055;000000000000798502;0,001;M3;0,000;;TRU UL C2 S/F 5185x1220x17/1RA/TA54;MAMDFMDF01MF011213;3124191871;14-08-2026;00000000;2026;9;0,01;0,00;No certificado
TMT1;0055;000000000000798502;5,807;M3;0,000;;TRU UL C2 S/F 5185x1220x17/1RA/TA54;MAMDFMDF01MF011213;3124191942;03-08-2026;00000000;2026;9;54,00;1,00;No certificado
TMT1;0055;000000000000798502;5,807;M3;0,000;;TRU UL C2 S/F 5185x1220x17/1RA/TA54;MAMDFMDF01MF011213;3124191943;03-08-2026;00000000;2026;9;54,00;1,00;No certificado
TMT1;0055;000000000000798502;4,517;M3;0,000;;TRU UL C2 S/F 5185x1220x17/1RA/TA54;MAMDFMDF01MF011213;3124191948;03-08-2026;00000000;2026;9;42,00;0,78;No certificado
TMT1;0055;000000000000798502;4,517;M3;0,000;;TRU UL C2 S/F 5185x1220x17/1RA/TA54;MAMDFMDF01MF011213;3124191949;03-08-2026;00000000;2026;9;42,00;0,78;No certificado
TMT1;0055;000000000000798502;5,807;M3;0,000;;TRU UL C2 S/F 5185x1220x17/1RA/TA54;MAMDFMDF01MF011213;3124191957;03-08-2026;00000000;2026;9;54,00;1,00;No certificado
TMT1;0055;000000000000798502;5,377;M3;0,000;;TRU UL C2 S/F 5185x1220x17/1RA/TA54;MAMDFMDF01MF011213;3124200373;20-08-2026;00000000;2026;8;50,00;0,93;No certificado
TMT1;0055;000000000000798502;5,269;M3;0,000;;TRU UL C2 S/F 5185x1220x17/1RA/TA54;MAMDFMDF01MF011213;3124200380;19-08-2026;00000000;2026;8;49,00;0,91;No certificado
TMT1;0055;000000000000798502;3,549;M3;0,000;;TRU UL C2 S/F 5185x1220x17/1RA/TA54;MAMDFMDF01MF011213;3124214449;02-09-2026;00000000;2026;9;33,00;0,61;No certificado
TMT1;0055;000000000000798502;2,151;M3;0,000;;TRU UL C2 S/F 5185x1220x17/1RA/TA54;MAMDFMDF01MF011213;3124214468;09-09-2026;00000000;2026;9;20,00;0,37;No certificado
TMT1;0055;000000000000798502;4,086;M3;0,000;;TRU UL C2 S/F 5185x1220x17/1RA/TA54;MAMDFMDF01MF011213;3124214482;26-08-2026;00000000;2026;8;38,00;0,70;No certificado
TMT1;0055;000000000000798511;0,781;M3;0,000;;TRU UL C2 S/F 4270x1220x15/1RA/TA64L2;MAMDFMDF01MF010392;3124168450;22-07-2026;00000000;2026;7;9,99;0,16;No certificado
TMT1;0055;000000000000798511;5,001;M3;0,000;;TRU UL C2 S/F 4270x1220x15/1RA/TA64L2;MAMDFMDF01MF010392;3124214022;08-09-2026;00000000;2026;9;64,00;1,00;No certificado
TMT1;0055;000000000000798511;1,954;M3;0,000;;TRU UL C2 S/F 4270x1220x15/1RA/TA64L2;MAMDFMDF01MF010392;3124214039;08-09-2026;00000000;2026;9;25,01;0,39;No certificado
TMT1;0055;000000000000798511;3,438;M3;0,000;;TRU UL C2 S/F 4270x1220x15/1RA/TA64L2;MAMDFMDF01MF010392;3124214058;27-08-2026;00000000;2026;8;44,00;0,69;No certificado
TMT1;0055;000000000000798511;0,234;M3;0,000;;TRU UL C2 S/F 4270x1220x15/1RA/TA64L2;MAMDFMDF01MF010392;3124214178;31-08-2026;00000000;2026;9;2,99;0,05;No certificado
TMT1;0055;000000000000798511;3,282;M3;0,000;;TRU UL C2 S/F 4270x1220x15/1RA/TA64L2;MAMDFMDF01MF010392;3124214179;31-08-2026;00000000;2026;8;42,00;0,66;No certificado
TMT1;0055;000000000000798521;1,312;M3;0,000;;TRU UL C2 S/F 4270x1220x14/1RA/TA69;MAMDFMDF01MF010392;3124042835;25-02-2026;00000000;2026;6;17,99;0,26;No certificado
TMT1;0055;000000000000798537;0,703;M3;0,000;;TRU UL C2 S/F 2135x1220x15/1RA/TA64;MAMDFMDF01MF010564;3124040017;09-02-2026;00000000;2026;2;17,99;0,28;No certificado
TMT1;0055;000000000000798537;1,094;M3;0,000;;TRU UL C2 S/F 2135x1220x15/1RA/TA64;MAMDFMDF01MF010564;3124046208;27-02-2026;00000000;2026;7;28,00;0,44;No certificado
TMT1;0055;000000000000798537;0,039;M3;0,000;;TRU UL C2 S/F 2135x1220x15/1RA/TA64;MAMDFMDF01MF010564;3124152581;16-06-2026;00000000;2026;7;1,00;0,02;No certificado
TMT1;0055;000000000000798537;0,469;M3;0,000;;TRU UL C2 S/F 2135x1220x15/1RA/TA64;MAMDFMDF01MF010564;3124160504;27-08-2026;00000000;2026;8;12,00;0,19;No certificado
TMT1;0055;000000000000798537;0,038;M3;0,000;;TRU UL C2 S/F 2135x1220x15/1RA/TA64;MAMDFMDF01MF010564;3124160516;01-07-2026;00000000;2026;8;0,97;0,02;No certificado
TMT1;0055;000000000000876899;4,340;M3;0,000;;TRU UL C2 S/F 3660x1220x18/1RA/TA54;MAMDFMDF01MF010387;3124063426;05-06-2026;00000000;2026;6;54,00;1,00;No certificado
TMT1;0055;000000000000876899;4,340;M3;0,000;;TRU UL C2 S/F 3660x1220x18/1RA/TA54;MAMDFMDF01MF010387;3124063429;05-06-2026;00000000;2026;6;54,00;1,00;No certificado
TMT1;0055;000000000000876899;0,482;M3;0,000;;TRU UL C2 S/F 3660x1220x18/1RA/TA54;MAMDFMDF01MF010387;3124063435;10-07-2026;00000000;2026;7;6,00;0,11;No certificado
TMT1;0055;000000000000876899;4,340;M3;0,000;;TRU UL C2 S/F 3660x1220x18/1RA/TA54;MAMDFMDF01MF010387;3124063439;05-06-2026;00000000;2026;6;54,00;1,00;No certificado
TMT1;0055;000000000000876899;4,340;M3;0,000;;TRU UL C2 S/F 3660x1220x18/1RA/TA54;MAMDFMDF01MF010387;3124063445;05-06-2026;00000000;2026;6;54,00;1,00;No certificado
TMT1;0055;000000000000876899;4,340;M3;0,000;;TRU UL C2 S/F 3660x1220x18/1RA/TA54;MAMDFMDF01MF010387;3124063447;05-06-2026;00000000;2026;6;54,00;1,00;No certificado
TMT1;0055;000000000000876899;1,125;M3;0,000;;TRU UL C2 S/F 3660x1220x18/1RA/TA54;MAMDFMDF01MF010387;3124063453;03-07-2026;00000000;2026;7;14,00;0,26;No certificado
TMT1;0055;000000000000888779;1,313;M3;0,000;;TRU UL C2 S/F 2135x1220x14/1RA/TA69;MAMDFMDF01MF010564;3124199423;10-08-2026;00000000;2026;8;36,01;0,52;No certificado
TMT1;0055;000000000000891197;0,053;M3;0,000;;TRU UL C2 S/F 3660x1220x12/1RA/TA78;MAMDFMDF01MF010387;3124087863;23-04-2026;00000000;2026;5;0,99;0,01;No certificado
TMT1;0055;000000000000891197;0,214;M3;0,000;;TRU UL C2 S/F 3660x1220x12/1RA/TA78;MAMDFMDF01MF010387;3124114933;05-09-2026;00000000;2026;9;3,99;0,05;No certificado
TMT1;0055;000000000000891197;0,482;M3;0,000;;TRU UL C2 S/F 3660x1220x12/1RA/TA78;MAMDFMDF01MF010387;3124114942;05-06-2026;00000000;2026;6;9,00;0,12;No certificado
TMT1;0055;000000000000891197;1,768;M3;0,000;;TRU UL C2 S/F 3660x1220x12/1RA/TA78;MAMDFMDF01MF010387;3124164223;09-07-2026;00000000;2026;7;33,00;0,42;No certificado
TMT1;0055;000000000000891197;0,107;M3;0,000;;TRU UL C2 S/F 3660x1220x12/1RA/TA78;MAMDFMDF01MF010387;3124196381;01-09-2026;00000000;2026;9;2,00;0,03;No certificado
TMT1;0055;000000000000891197;1,072;M3;0,000;;TRU UL C2 S/F 3660x1220x12/1RA/TA78;MAMDFMDF01MF010387;3124196401;01-09-2026;00000000;2026;9;20,01;0,26;No certificado
TMT1;0055;000000000000891197;0,589;M3;0,000;;TRU UL C2 S/F 3660x1220x12/1RA/TA78;MAMDFMDF01MF010387;3124196409;26-08-2026;00000000;2026;9;10,99;0,14;No certificado
TMT1;0055;000000000000891200;0,670;M3;0,000;;TRU UL C2 S/F 3660x1220x15/1RA/TA64;MAMDFMDF01MF010387;3123735724;23-10-2025;00000000;2025;10;10,00;0,16;No certificado
TMT1;0055;000000000000891200;2,813;M3;0,000;;TRU UL C2 S/F 3660x1220x15/1RA/TA64;MAMDFMDF01MF010387;3124087147;22-04-2026;00000000;2026;4;41,99;0,66;No certificado
TMT1;0055;000000000000891200;3,550;M3;0,000;;TRU UL C2 S/F 3660x1220x15/1RA/TA64;MAMDFMDF01MF010387;3124166532;04-07-2026;00000000;2026;7;53,00;0,83;No certificado
TMT1;0055;000000000000891200;0,871;M3;0,000;;TRU UL C2 S/F 3660x1220x15/1RA/TA64;MAMDFMDF01MF010387;3124225198;03-09-2026;00000000;2026;9;13,00;0,20;No certificado
TMT1;0055;000000000000891201;0,911;M3;0,000;;TRU UL C2 S/F 5185x1220x18/1RA/TA54;MAMDFMDF01MF011213;3124170586;14-07-2026;00000000;2026;7;8,00;0,15;No certificado
TMT1;0055;000000000000891201;0,911;M3;0,000;;TRU UL C2 S/F 5185x1220x18/1RA/TA54;MAMDFMDF01MF011213;3124170596;14-07-2026;00000000;2026;8;8,00;0,15;No certificado
TMT1;0055;000000000000891201;5,238;M3;0,000;;TRU UL C2 S/F 5185x1220x18/1RA/TA54;MAMDFMDF01MF011213;3124198323;25-08-2026;00000000;2026;8;46,00;0,85;No certificado
TMT1;0055;000000000000902667;0,119;M3;0,000;;TRU UL C2 S/F 4880x1220x20/1RA/TA48;MAMDFMDF01MF010397;3124171345;24-07-2026;00000000;2026;7;1,00;0,02;No certificado
TMT1;0055;000000000001069778;0,148;M3;0,000;;TRU UL C2 S/F 4880x1220x25/1RA/TA36;MAMDFMDF01MF010398;3124048530;05-03-2026;00000000;2026;5;0,99;0,03;No certificado
TMT1;0055;000000000001069778;0,148;M3;0,000;;TRU UL C2 S/F 4880x1220x25/1RA/TA36;MAMDFMDF01MF010398;3124066866;23-03-2026;00000000;2026;7;0,99;0,03;No certificado
TMT1;0055;000000000001069778;5,358;M3;0,000;;TRU UL C2 S/F 4880x1220x25/1RA/TA36;MAMDFMDF01MF010398;3124171484;31-08-2026;00000000;2026;8;36,00;1,00;No certificado
TMT1;0055;000000000001069778;5,358;M3;0,000;;TRU UL C2 S/F 4880x1220x25/1RA/TA36;MAMDFMDF01MF010398;3124178469;04-09-2026;00000000;2026;9;36,00;1,00;No certificado
TMT1;0055;000000000001069778;5,358;M3;0,000;;TRU UL C2 S/F 4880x1220x25/1RA/TA36;MAMDFMDF01MF010398;3124178470;04-09-2026;00000000;2026;9;36,00;1,00;No certificado
TMT1;0055;000000000001069778;5,358;M3;0,000;;TRU UL C2 S/F 4880x1220x25/1RA/TA36;MAMDFMDF01MF010398;3124178471;04-09-2026;00000000;2026;9;36,00;1,00;No certificado
TMT1;0055;000000000001069778;5,358;M3;0,000;;TRU UL C2 S/F 4880x1220x25/1RA/TA36;MAMDFMDF01MF010398;3124178472;04-09-2026;00000000;2026;9;36,00;1,00;No certificado
TMT1;0055;000000000001069778;5,358;M3;0,000;;TRU UL C2 S/F 4880x1220x25/1RA/TA36;MAMDFMDF01MF010398;3124178473;04-09-2026;00000000;2026;9;36,00;1,00;No certificado
TMT1;0055;000000000001069778;5,358;M3;0,000;;TRU UL C2 S/F 4880x1220x25/1RA/TA36;MAMDFMDF01MF010398;3124178474;04-09-2026;00000000;2026;9;36,00;1,00;No certificado
TMT1;0055;000000000001069778;5,358;M3;0,000;;TRU UL C2 S/F 4880x1220x25/1RA/TA36;MAMDFMDF01MF010398;3124178481;04-09-2026;00000000;2026;9;36,00;1,00;No certificado
TMT1;0055;000000000001069778;1,786;M3;0,000;;TRU UL C2 S/F 4880x1220x25/1RA/TA36;MAMDFMDF01MF010398;3124178482;31-08-2026;00000000;2026;8;12,00;0,33;No certificado
TMT1;0055;000000000001069778;2,084;M3;0,000;;TRU UL C2 S/F 4880x1220x25/1RA/TA36;MAMDFMDF01MF010398;3124178503;31-08-2026;00000000;2026;8;14,00;0,39;No certificado
TMT1;0055;000000000001069779;0,001;M3;0,000;;TRU UL C2 S/F 5185x1220x25/1RA/TA38;MAMDFMDF01MF011202;3123956105;25-11-2025;00000000;2026;6;0,01;0,00;No certificado
TMT1;0055;000000000001069779;1,581;M3;0,000;;TRU UL C2 S/F 5185x1220x25/1RA/TA38;MAMDFMDF01MF011202;3124171383;18-08-2026;00000000;2026;8;10,00;0,26;No certificado
TMT1;0055;000000000001069779;1,265;M3;0,000;;TRU UL C2 S/F 5185x1220x25/1RA/TA38;MAMDFMDF01MF011202;3124171400;05-08-2026;00000000;2026;8;8,00;0,21;No certificado
TMT1;0055;000000000001069779;3,637;M3;0,000;;TRU UL C2 S/F 5185x1220x25/1RA/TA38;MAMDFMDF01MF011202;3124226082;05-09-2026;00000000;2026;9;23,00;0,61;No certificado
TMT1;0055;000000000001069780;0,177;M3;0,000;;TRU UL C2 S/F 4880x1220x30/1RA/TA30;MAMDFMDF01MF010398;3123965698;11-02-2026;00000000;2026;3;0,99;0,03;No certificado
TMT1;0055;000000000001069780;0,178;M3;0,000;;TRU UL C2 S/F 4880x1220x30/1RA/TA30;MAMDFMDF01MF010398;3124069986;30-03-2026;00000000;2026;4;1,00;0,03;No certificado
TMT1;0055;000000000001069780;5,358;M3;0,000;;TRU UL C2 S/F 4880x1220x30/1RA/TA30;MAMDFMDF01MF010398;3124161349;07-09-2026;00000000;2026;9;30,00;1,00;No certificado
TMT1;0055;000000000001069780;4,108;M3;0,000;;TRU UL C2 S/F 4880x1220x30/1RA/TA30;MAMDFMDF01MF010398;3124161367;03-09-2026;00000000;2026;9;23,00;0,77;No certificado
TMT1;0055;000000000001069780;5,358;M3;0,000;;TRU UL C2 S/F 4880x1220x30/1RA/TA30;MAMDFMDF01MF010398;3124161375;03-09-2026;00000000;2026;9;30,00;1,00;No certificado
TMT1;0055;000000000001069780;5,358;M3;0,000;;TRU UL C2 S/F 4880x1220x30/1RA/TA30;MAMDFMDF01MF010398;3124161384;03-09-2026;00000000;2026;9;30,00;1,00;No certificado
TMT1;0055;000000000001069780;2,858;M3;0,000;;TRU UL C2 S/F 4880x1220x30/1RA/TA30;MAMDFMDF01MF010398;3124162973;01-09-2026;00000000;2026;9;16,00;0,53;No certificado
TMT1;0055;000000000001169862;6,199;M3;0,000;;TRU LI C2 S/F 5185x1220x10/1RA/TA98;MAMDFMDF01MF010953;3124226692;10-09-2026;00000000;2026;9;97,99;6,20;No certificado
TMT1;0055;000000000001169862;6,199;M3;0,000;;TRU LI C2 S/F 5185x1220x10/1RA/TA98;MAMDFMDF01MF010953;3124226696;09-09-2026;00000000;2026;9;97,99;6,20;No certificado
TMT1;0055;000000000001169862;0,443;M3;0,000;;TRU LI C2 S/F 5185x1220x10/1RA/TA98;MAMDFMDF01MF010953;3124226697;10-09-2026;00000000;2026;9;7,00;0,44;No certificado
TMT1;0055;000000000001173881;0,062;M3;0,000;;TRU UL C2 S/F 3660x1220x14/1RA/TA64;MAMDFMDF01MF010387;3124077222;15-05-2026;00000000;2026;5;0,99;0,02;No certificado
TMT1;0055;000000000001173881;2,438;M3;0,000;;TRU UL C2 S/F 3660x1220x14/1RA/TA64;MAMDFMDF01MF010387;3124219335;01-09-2026;00000000;2026;9;39,00;0,61;No certificado
TMT1;0055;000000000001173881;4,001;M3;0,000;;TRU UL C2 S/F 3660x1220x14/1RA/TA64;MAMDFMDF01MF010387;3124225728;10-09-2026;00000000;2026;9;64,00;1,00;No certificado
TMT1;0055;000000000001173881;4,001;M3;0,000;;TRU UL C2 S/F 3660x1220x14/1RA/TA64;MAMDFMDF01MF010387;3124225737;10-09-2026;00000000;2026;9;64,00;1,00;No certificado
TMT1;0055;000000000001173881;4,001;M3;0,000;;TRU UL C2 S/F 3660x1220x14/1RA/TA64;MAMDFMDF01MF010387;3124225738;10-09-2026;00000000;2026;9;64,00;1,00;No certificado
TMT1;0055;000000000001173881;4,001;M3;0,000;;TRU UL C2 S/F 3660x1220x14/1RA/TA64;MAMDFMDF01MF010387;3124225739;10-09-2026;00000000;2026;9;64,00;1,00;No certificado
TMT1;0055;000000000001173881;4,001;M3;0,000;;TRU UL C2 S/F 3660x1220x14/1RA/TA64;MAMDFMDF01MF010387;3124225740;10-09-2026;00000000;2026;9;64,00;1,00;No certificado
TMT1;0055;000000000001173881;1,438;M3;0,000;;TRU UL C2 S/F 3660x1220x14/1RA/TA64;MAMDFMDF01MF010387;3124225787;09-09-2026;00000000;2026;9;23,00;0,36;No certificado
TMT1;0055;000000000001173881;1,313;M3;0,000;;TRU UL C2 S/F 3660x1220x14/1RA/TA64;MAMDFMDF01MF010387;3124225800;09-09-2026;00000000;2026;9;21,00;0,33;No certificado
TMT1;0055;000000000001173881;4,001;M3;0,000;;TRU UL C2 S/F 3660x1220x14/1RA/TA64;MAMDFMDF01MF010387;3124225808;10-09-2026;00000000;2026;9;64,00;1,00;No certificado
TMT1;0055;000000000001173881;4,001;M3;0,000;;TRU UL C2 S/F 3660x1220x14/1RA/TA64;MAMDFMDF01MF010387;3124225809;10-09-2026;00000000;2026;9;64,00;1,00;No certificado
TMT1;0055;000000000001173881;4,001;M3;0,000;;TRU UL C2 S/F 3660x1220x14/1RA/TA64;MAMDFMDF01MF010387;3124225811;10-09-2026;00000000;2026;9;64,00;1,00;No certificado
TMT1;0055;000000000001173881;4,001;M3;0,000;;TRU UL C2 S/F 3660x1220x14/1RA/TA64;MAMDFMDF01MF010387;3124225812;10-09-2026;00000000;2026;9;64,00;1,00;No certificado
TMT1;0055;000000000001173881;4,001;M3;0,000;;TRU UL C2 S/F 3660x1220x14/1RA/TA64;MAMDFMDF01MF010387;3124225820;10-09-2026;00000000;2026;9;64,00;1,00;No certificado
TMT1;0055;000000000001173881;4,001;M3;0,000;;TRU UL C2 S/F 3660x1220x14/1RA/TA64;MAMDFMDF01MF010387;3124225821;10-09-2026;00000000;2026;9;64,00;1,00;No certificado
TMT1;0055;000000000001173881;4,001;M3;0,000;;TRU UL C2 S/F 3660x1220x14/1RA/TA64;MAMDFMDF01MF010387;3124225833;10-09-2026;00000000;2026;9;64,00;1,00;No certificado
TMT1;0055;000000000001178345;0,126;M3;0,000;;TRU UL C2 S/F 5185x1220x20/1RA/TA48;MAMDFMDF01MF011213;3124048459;27-02-2026;00000000;2026;6;1,00;0,02;No certificado
TMT1;0055;000000000001178345;0,001;M3;0,000;;TRU UL C2 S/F 5185x1220x20/1RA/TA48;MAMDFMDF01MF011213;3124066325;26-03-2026;00000000;2026;4;0,01;0,00;No certificado
TMT1;0055;000000000001178345;6,073;M3;0,000;;TRU UL C2 S/F 5185x1220x20/1RA/TA48;MAMDFMDF01MF011213;3124066337;26-03-2026;00000000;2026;3;48,00;1,00;No certificado
TMT1;0055;000000000001178345;6,073;M3;0,000;;TRU UL C2 S/F 5185x1220x20/1RA/TA48;MAMDFMDF01MF011213;3124066341;26-03-2026;00000000;2026;3;48,00;1,00;No certificado
TMT1;0055;000000000001178345;3,669;M3;0,000;;TRU UL C2 S/F 5185x1220x20/1RA/TA48;MAMDFMDF01MF011213;3124123482;24-08-2026;00000000;2026;8;29,00;0,60;No certificado
TMT1;0055;000000000001178345;0,001;M3;0,000;;TRU UL C2 S/F 5185x1220x20/1RA/TA48;MAMDFMDF01MF011213;3124157491;08-07-2026;00000000;2026;8;0,01;0,00;No certificado
TMT1;0055;000000000001178345;6,073;M3;0,000;;TRU UL C2 S/F 5185x1220x20/1RA/TA48;MAMDFMDF01MF011213;3124157502;24-08-2026;00000000;2026;8;48,00;1,00;No certificado
TMT1;0055;000000000001178347;0,130;M3;0,000;;TRU UL C2 S/F 4880x1220x22/1RA/TA44;MAMDFMDF01MF010397;3123956019;27-01-2026;00000000;2026;2;0,99;0,02;No certificado
TMT1;0055;000000000001178347;3,405;M3;0,000;;TRU UL C2 S/F 4880x1220x22/1RA/TA44;MAMDFMDF01MF010397;3124065911;03-09-2026;00000000;2026;9;26,00;0,59;No certificado
TMT1;0055;000000000001178347;5,763;M3;0,000;;TRU UL C2 S/F 4880x1220x22/1RA/TA44;MAMDFMDF01MF010397;3124065916;03-09-2026;00000000;2026;9;44,00;1,00;No certificado
TMT1;0055;000000000001178347;1,310;M3;0,000;;TRU UL C2 S/F 4880x1220x22/1RA/TA44;MAMDFMDF01MF010397;3124066125;01-09-2026;00000000;2026;9;10,00;0,23;No certificado
TMT1;0055;000000000001178347;5,763;M3;0,000;;TRU UL C2 S/F 4880x1220x22/1RA/TA44;MAMDFMDF01MF010397;3124066127;03-08-2026;00000000;2026;9;44,00;1,00;No certificado
TMT1;0055;000000000001178347;5,763;M3;0,000;;TRU UL C2 S/F 4880x1220x22/1RA/TA44;MAMDFMDF01MF010397;3124066141;03-09-2026;00000000;2026;9;44,00;1,00;No certificado
TMT1;0055;000000000001178347;5,763;M3;0,000;;TRU UL C2 S/F 4880x1220x22/1RA/TA44;MAMDFMDF01MF010397;3124066147;03-09-2026;00000000;2026;9;44,00;1,00;No certificado
TMT1;0055;000000000001178348;1,614;M3;0,000;;TRU UL C2 S/F 4324x1220x17/1RA/TA54;MAMDFMDF01MF011212;3124048086;17-04-2026;00000000;2026;9;18,00;1,61;No certificado
TMT1;0055;000000000001178348;4,843;M3;0,000;;TRU UL C2 S/F 4324x1220x17/1RA/TA54;MAMDFMDF01MF011212;3124123820;07-09-2026;00000000;2026;9;54,00;4,84;No certificado
TMT1;0055;000000000001178348;0,718;M3;0,000;;TRU UL C2 S/F 4324x1220x17/1RA/TA54;MAMDFMDF01MF011212;3124123829;16-06-2026;00000000;2026;9;8,01;0,72;No certificado
TMT1;0055;000000000001178349;1,240;M3;0,000;;TRU UL C2 S/F 4270x1220x17/1RA/TA54;MAMDFMDF01MF010392;3124023069;16-03-2026;00000000;2026;7;14,00;1,24;No certificado
TMT1;0055;000000000001178349;0,001;M3;0,000;;TRU UL C2 S/F 4270x1220x17/1RA/TA54;MAMDFMDF01MF010392;3124110487;18-05-2026;00000000;2026;7;0,01;0,00;No certificado
TMT1;0055;000000000001178349;4,782;M3;0,000;;TRU UL C2 S/F 4270x1220x17/1RA/TA54;MAMDFMDF01MF010392;3124179267;07-09-2026;00000000;2026;9;54,00;4,78;No certificado
TMT1;0055;000000000001178349;4,782;M3;0,000;;TRU UL C2 S/F 4270x1220x17/1RA/TA54;MAMDFMDF01MF010392;3124179277;07-09-2026;00000000;2026;9;54,00;4,78;No certificado
TMT1;0055;000000000001178349;4,782;M3;0,000;;TRU UL C2 S/F 4270x1220x17/1RA/TA54;MAMDFMDF01MF010392;3124179278;07-09-2026;00000000;2026;9;54,00;4,78;No certificado
TMT1;0055;000000000001178349;4,782;M3;0,000;;TRU UL C2 S/F 4270x1220x17/1RA/TA54;MAMDFMDF01MF010392;3124179282;07-09-2026;00000000;2026;9;54,00;4,78;No certificado
TMT1;0055;000000000001178349;0,001;M3;0,000;;TRU UL C2 S/F 4270x1220x17/1RA/TA54;MAMDFMDF01MF010392;3124179286;06-08-2026;00000000;2026;9;0,01;0,00;No certificado
TMT1;0055;000000000001178349;3,365;M3;0,000;;TRU UL C2 S/F 4270x1220x17/1RA/TA54;MAMDFMDF01MF010392;3124194076;01-09-2026;00000000;2026;9;38,00;3,37;No certificado
TMT1;0055;000000000001178349;4,782;M3;0,000;;TRU UL C2 S/F 4270x1220x17/1RA/TA54;MAMDFMDF01MF010392;3124194086;03-09-2026;00000000;2026;9;54,00;4,78;No certificado
TMT1;0055;000000000001178349;4,782;M3;0,000;;TRU UL C2 S/F 4270x1220x17/1RA/TA54;MAMDFMDF01MF010392;3124194087;03-09-2026;00000000;2026;9;54,00;4,78;No certificado
TMT1;0055;000000000001178349;2,126;M3;0,000;;TRU UL C2 S/F 4270x1220x17/1RA/TA54;MAMDFMDF01MF010392;3124194091;03-09-2026;00000000;2026;9;24,01;2,13;No certificado
TMT1;0055;000000000001178349;4,782;M3;0,000;;TRU UL C2 S/F 4270x1220x17/1RA/TA54;MAMDFMDF01MF010392;3124194092;03-09-2026;00000000;2026;9;54,00;4,78;No certificado
TMT1;0055;000000000001178349;2,745;M3;0,000;;TRU UL C2 S/F 4270x1220x17/1RA/TA54;MAMDFMDF01MF010392;3124194287;07-09-2026;00000000;2026;9;31,00;2,75;No certificado
TMT1;0055;000000000001178350;5,419;M3;0,000;;TRU UL C2 S/F 4570X1220X18/1RA/TA54L2;MAMDFMDF01MF011214;3124227312;09-09-2026;00000000;2026;9;54,00;1,00;No certificado
TMT1;0055;000000000001178350;5,419;M3;0,000;;TRU UL C2 S/F 4570X1220X18/1RA/TA54L2;MAMDFMDF01MF011214;3124227315;09-09-2026;00000000;2026;9;54,00;1,00;No certificado
TMT1;0055;000000000001178350;5,419;M3;0,000;;TRU UL C2 S/F 4570X1220X18/1RA/TA54L2;MAMDFMDF01MF011214;3124227316;09-09-2026;00000000;2026;9;54,00;1,00;No certificado
TMT1;0055;000000000001178350;5,419;M3;0,000;;TRU UL C2 S/F 4570X1220X18/1RA/TA54L2;MAMDFMDF01MF011214;3124227319;09-09-2026;00000000;2026;9;54,00;1,00;No certificado
TMT1;0055;000000000001178350;5,419;M3;0,000;;TRU UL C2 S/F 4570X1220X18/1RA/TA54L2;MAMDFMDF01MF011214;3124227320;09-09-2026;00000000;2026;9;54,00;1,00;No certificado
TMT1;0055;000000000001178350;5,419;M3;0,000;;TRU UL C2 S/F 4570X1220X18/1RA/TA54L2;MAMDFMDF01MF011214;3124227325;09-09-2026;00000000;2026;9;54,00;1,00;No certificado
TMT1;0055;000000000001178350;5,419;M3;0,000;;TRU UL C2 S/F 4570X1220X18/1RA/TA54L2;MAMDFMDF01MF011214;3124227326;09-09-2026;00000000;2026;9;54,00;1,00;No certificado
TMT1;0055;000000000001178350;2,810;M3;0,000;;TRU UL C2 S/F 4570X1220X18/1RA/TA54L2;MAMDFMDF01MF011214;3124227327;09-09-2026;00000000;2026;9;28,00;0,52;No certificado
TMT1;0055;000000000001178351;0,001;M3;0,000;;TRU UL C2 S/F 4880x1220x15/1RA/TA64L2;MAMDFMDF01MF010397;3124068934;26-03-2026;00000000;2026;4;0,01;0,00;No certificado
TMT1;0055;000000000001178351;0,001;M3;0,000;;TRU UL C2 S/F 4880x1220x15/1RA/TA64L2;MAMDFMDF01MF010397;3124068939;26-03-2026;00000000;2026;6;0,01;0,00;No certificado
TMT1;0055;000000000001178351;0,001;M3;0,000;;TRU UL C2 S/F 4880x1220x15/1RA/TA64L2;MAMDFMDF01MF010397;3124072512;07-04-2026;00000000;2026;4;0,01;0,00;No certificado
TMT1;0055;000000000001178351;0,001;M3;0,000;;TRU UL C2 S/F 4880x1220x15/1RA/TA64L2;MAMDFMDF01MF010397;3124200166;18-08-2026;00000000;2026;8;0,01;0,00;No certificado
TMT1;0055;000000000001178351;1,875;M3;0,000;;TRU UL C2 S/F 4880x1220x15/1RA/TA64L2;MAMDFMDF01MF010397;3124219435;09-09-2026;00000000;2026;9;21,00;0,33;No certificado
TMT1;0055;000000000001178351;5,715;M3;0,000;;TRU UL C2 S/F 4880x1220x15/1RA/TA64L2;MAMDFMDF01MF010397;3124219436;09-09-2026;00000000;2026;9;64,00;1,00;No certificado
TMT1;0055;000000000001178351;0,358;M3;0,000;;TRU UL C2 S/F 4880x1220x15/1RA/TA64L2;MAMDFMDF01MF010397;3124219467;27-08-2026;00000000;2026;9;4,01;0,06;No certificado
TMT1;0055;000000000001178351;3,125;M3;0,000;;TRU UL C2 S/F 4880x1220x15/1RA/TA64L2;MAMDFMDF01MF010397;3124219470;27-08-2026;00000000;2026;9;35,00;0,55;No certificado
TMT1;0055;000000000001178351;0,088;M3;0,000;;TRU UL C2 S/F 4880x1220x15/1RA/TA64L2;MAMDFMDF01MF010397;3124219522;25-08-2026;00000000;2026;9;0,99;0,02;No certificado
TMT1;0055;000000000001178351;1,518;M3;0,000;;TRU UL C2 S/F 4880x1220x15/1RA/TA64L2;MAMDFMDF01MF010397;3124219534;25-08-2026;00000000;2026;8;17,00;0,27;No certificado
TMT1;0055;000000000001178351;5,715;M3;0,000;;TRU UL C2 S/F 4880x1220x15/1RA/TA64L2;MAMDFMDF01MF010397;3124222452;01-09-2026;00000000;2026;9;64,00;1,00;No certificado
TMT1;0055;000000000001178351;5,715;M3;0,000;;TRU UL C2 S/F 4880x1220x15/1RA/TA64L2;MAMDFMDF01MF010397;3124225505;10-09-2026;00000000;2026;9;64,00;1,00;No certificado
TMT1;0055;000000000001178351;5,715;M3;0,000;;TRU UL C2 S/F 4880x1220x15/1RA/TA64L2;MAMDFMDF01MF010397;3124225510;10-09-2026;00000000;2026;9;64,00;1,00;No certificado
TMT1;0055;000000000001178351;5,715;M3;0,000;;TRU UL C2 S/F 4880x1220x15/1RA/TA64L2;MAMDFMDF01MF010397;3124225511;10-09-2026;00000000;2026;9;64,00;1,00;No certificado
TMT1;0055;000000000001178351;5,715;M3;0,000;;TRU UL C2 S/F 4880x1220x15/1RA/TA64L2;MAMDFMDF01MF010397;3124225514;10-09-2026;00000000;2026;9;64,00;1,00;No certificado
TMT1;0055;000000000001178355;0,106;M3;0,000;;TRU UL C2 S/F 4880x1220x18/1RA/TA54L2;MAMDFMDF01MF010397;3124059973;16-03-2026;00000000;2026;4;0,99;0,02;No certificado
TMT1;0055;000000000001178355;0,106;M3;0,000;;TRU UL C2 S/F 4880x1220x18/1RA/TA54L2;MAMDFMDF01MF010397;3124060108;11-03-2026;00000000;2026;4;0,99;0,02;No certificado
TMT1;0055;000000000001178355;0,106;M3;0,000;;TRU UL C2 S/F 4880x1220x18/1RA/TA54L2;MAMDFMDF01MF010397;3124065111;20-03-2026;00000000;2026;5;0,99;0,02;No certificado
TMT1;0055;000000000001178355;0,106;M3;0,000;;TRU UL C2 S/F 4880x1220x18/1RA/TA54L2;MAMDFMDF01MF010397;3124068052;07-04-2026;00000000;2026;6;0,99;0,02;No certificado
TMT1;0055;000000000001178355;0,107;M3;0,000;;TRU UL C2 S/F 4880x1220x18/1RA/TA54L2;MAMDFMDF01MF010397;3124068100;30-03-2026;00000000;2026;5;1,00;0,02;No certificado
TMT1;0055;000000000001178355;0,106;M3;0,000;;TRU UL C2 S/F 4880x1220x18/1RA/TA54L2;MAMDFMDF01MF010397;3124068118;30-03-2026;00000000;2026;5;0,99;0,02;No certificado
TMT1;0055;000000000001178355;0,107;M3;0,000;;TRU UL C2 S/F 4880x1220x18/1RA/TA54L2;MAMDFMDF01MF010397;3124088060;30-04-2026;00000000;2026;5;1,00;0,02;No certificado
TMT1;0055;000000000001178355;0,107;M3;0,000;;TRU UL C2 S/F 4880x1220x18/1RA/TA54L2;MAMDFMDF01MF010397;3124088079;29-04-2026;00000000;2026;5;1,00;0,02;No certificado
TMT1;0055;000000000001178355;0,107;M3;0,000;;TRU UL C2 S/F 4880x1220x18/1RA/TA54L2;MAMDFMDF01MF010397;3124113483;26-05-2026;00000000;2026;6;1,00;0,02;No certificado
TMT1;0055;000000000001178355;0,107;M3;0,000;;TRU UL C2 S/F 4880x1220x18/1RA/TA54L2;MAMDFMDF01MF010397;3124113896;18-05-2026;00000000;2026;5;1,00;0,02;No certificado
TMT1;0055;000000000001178355;0,107;M3;0,000;;TRU UL C2 S/F 4880x1220x18/1RA/TA54L2;MAMDFMDF01MF010397;3124122883;08-06-2026;00000000;2026;7;1,00;0,02;No certificado
TMT1;0055;000000000001178355;0,001;M3;0,000;;TRU UL C2 S/F 4880x1220x18/1RA/TA54L2;MAMDFMDF01MF010397;3124159743;30-06-2026;00000000;2026;6;0,01;0,00;No certificado
TMT1;0055;000000000001178355;1,072;M3;0,000;;TRU UL C2 S/F 4880x1220x18/1RA/TA54L2;MAMDFMDF01MF010397;3124198248;07-09-2026;00000000;2026;9;10,00;0,19;No certificado
TMT1;0055;000000000001178355;4,179;M3;0,000;;TRU UL C2 S/F 4880x1220x18/1RA/TA54L2;MAMDFMDF01MF010397;3124200543;04-09-2026;00000000;2026;9;39,00;0,72;No certificado
TMT1;0055;000000000001178355;5,787;M3;0,000;;TRU UL C2 S/F 4880x1220x18/1RA/TA54L2;MAMDFMDF01MF010397;3124200558;07-09-2026;00000000;2026;9;54,00;1,00;No certificado
TMT1;0055;000000000001178355;5,787;M3;0,000;;TRU UL C2 S/F 4880x1220x18/1RA/TA54L2;MAMDFMDF01MF010397;3124200561;18-08-2026;00000000;2026;8;54,00;1,00;No certificado
TMT1;0055;000000000001178355;5,787;M3;0,000;;TRU UL C2 S/F 4880x1220x18/1RA/TA54L2;MAMDFMDF01MF010397;3124211820;09-09-2026;00000000;2026;9;54,00;1,00;No certificado
TMT1;0055;000000000001178355;5,787;M3;0,000;;TRU UL C2 S/F 4880x1220x18/1RA/TA54L2;MAMDFMDF01MF010397;3124211821;09-09-2026;00000000;2026;9;54,00;1,00;No certificado
TMT1;0055;000000000001178355;0,321;M3;0,000;;TRU UL C2 S/F 4880x1220x18/1RA/TA54L2;MAMDFMDF01MF010397;3124212706;04-09-2026;00000000;2026;9;3,00;0,06;No certificado
TMT1;0055;000000000001178355;0,643;M3;0,000;;TRU UL C2 S/F 4880x1220x18/1RA/TA54L2;MAMDFMDF01MF010397;3124212727;25-08-2026;00000000;2026;8;6,00;0,11;No certificado
TMT1;0055;000000000001178355;0,107;M3;0,000;;TRU UL C2 S/F 4880x1220x18/1RA/TA54L2;MAMDFMDF01MF010397;3124212788;31-08-2026;00000000;2026;9;1,00;0,02;No certificado
TMT1;0055;000000000001178355;4,179;M3;0,000;;TRU UL C2 S/F 4880x1220x18/1RA/TA54L2;MAMDFMDF01MF010397;3124212824;03-09-2026;00000000;2026;9;39,00;0,72;No certificado
TMT1;0055;000000000001178356;0,083;M3;0,000;;TRU UL C2 S/F 4570x1220x15/1RA/TA64L2;MAMDFMDF01MF011214;3124077371;07-04-2026;00000000;2026;5;0,99;0,02;No certificado
TMT1;0055;000000000001178356;0,084;M3;0,000;;TRU UL C2 S/F 4570x1220x15/1RA/TA64L2;MAMDFMDF01MF011214;3124214182;20-08-2026;00000000;2026;8;1,00;0,02;No certificado
TMT1;0055;000000000001178356;3,847;M3;0,000;;TRU UL C2 S/F 4570x1220x15/1RA/TA64L2;MAMDFMDF01MF011214;3124214257;04-09-2026;00000000;2026;9;46,00;0,72;No certificado
TMT1;0055;000000000001178357;0,062;M3;0,000;;TRU UL C2 S/F 4270x1220x12/1RA/TA78L2;MAMDFMDF01MF010392;3123964319;06-01-2026;00000000;2026;4;0,99;0,01;No certificado
TMT1;0055;000000000001178357;0,062;M3;0,000;;TRU UL C2 S/F 4270x1220x12/1RA/TA78L2;MAMDFMDF01MF010392;3123964333;23-03-2026;00000000;2026;5;0,99;0,01;No certificado
TMT1;0055;000000000001178357;0,001;M3;0,000;;TRU UL C2 S/F 4270x1220x12/1RA/TA78L2;MAMDFMDF01MF010392;3124124601;04-06-2026;00000000;2026;7;0,02;0,00;No certificado
TMT1;0055;000000000001178357;0,001;M3;0,000;;TRU UL C2 S/F 4270x1220x12/1RA/TA78L2;MAMDFMDF01MF010392;3124124623;01-07-2026;00000000;2026;7;0,02;0,00;No certificado
TMT1;0055;000000000001178357;3,938;M3;0,000;;TRU UL C2 S/F 4270x1220x12/1RA/TA78L2;MAMDFMDF01MF010392;3124195601;20-08-2026;00000000;2026;8;63,00;0,81;No certificado
TMT1;0055;000000000001178357;4,876;M3;0,000;;TRU UL C2 S/F 4270x1220x12/1RA/TA78L2;MAMDFMDF01MF010392;3124195613;20-08-2026;00000000;2026;8;78,00;1,00;No certificado
TMT1;0055;000000000001178357;4,876;M3;0,000;;TRU UL C2 S/F 4270x1220x12/1RA/TA78L2;MAMDFMDF01MF010392;3124195616;20-08-2026;00000000;2026;8;78,00;1,00;No certificado
TMT1;0055;000000000001178357;4,876;M3;0,000;;TRU UL C2 S/F 4270x1220x12/1RA/TA78L2;MAMDFMDF01MF010392;3124195617;20-08-2026;00000000;2026;8;78,00;1,00;No certificado
TMT1;0055;000000000001178357;1,875;M3;0,000;;TRU UL C2 S/F 4270x1220x12/1RA/TA78L2;MAMDFMDF01MF010392;3124195619;20-08-2026;00000000;2026;8;29,99;0,38;No certificado
TMT1;0055;000000000001178357;4,876;M3;0,000;;TRU UL C2 S/F 4270x1220x12/1RA/TA78L2;MAMDFMDF01MF010392;3124221995;03-09-2026;00000000;2026;9;78,00;1,00;No certificado
TMT1;0055;000000000001178357;1,188;M3;0,000;;TRU UL C2 S/F 4270x1220x12/1RA/TA78L2;MAMDFMDF01MF010392;3124228929;09-09-2026;00000000;2026;9;19,00;0,24;No certificado
TMT1;0055;000000000001178358;0,077;M3;0,000;;TRU UL C2 S/F 4324x1220x15/1RA/TA64L2;MAMDFMDF01MF011212;3124045731;26-03-2026;00000000;2026;7;0,97;0,08;No certificado
TMT1;0055;000000000001178358;1,820;M3;0,000;;TRU UL C2 S/F 4324x1220x15/1RA/TA64L2;MAMDFMDF01MF011212;3124057477;17-04-2026;00000000;2026;8;23,00;1,82;No certificado
TMT1;0055;000000000001178358;0,475;M3;0,000;;TRU UL C2 S/F 4324x1220x15/1RA/TA64L2;MAMDFMDF01MF011212;3124057498;26-03-2026;00000000;2026;3;6,00;0,48;No certificado
TMT1;0055;000000000001178358;0,870;M3;0,000;;TRU UL C2 S/F 4324x1220x15/1RA/TA64L2;MAMDFMDF01MF011212;3124106099;15-05-2026;00000000;2026;7;10,99;0,87;No certificado
TMT1;0055;000000000001178358;2,215;M3;0,000;;TRU UL C2 S/F 4324x1220x15/1RA/TA64L2;MAMDFMDF01MF011212;3124115549;09-06-2026;00000000;2026;6;27,99;2,22;No certificado
TMT1;0055;000000000001178358;1,108;M3;0,000;;TRU UL C2 S/F 4324x1220x15/1RA/TA64L2;MAMDFMDF01MF011212;3124115567;10-08-2026;00000000;2026;8;14,00;1,11;No certificado
TMT1;0055;000000000001178358;5,064;M3;0,000;;TRU UL C2 S/F 4324x1220x15/1RA/TA64L2;MAMDFMDF01MF011212;3124118174;09-06-2026;00000000;2026;6;64,00;5,06;No certificado
TMT1;0055;000000000001178358;5,064;M3;0,000;;TRU UL C2 S/F 4324x1220x15/1RA/TA64L2;MAMDFMDF01MF011212;3124123862;22-06-2026;00000000;2026;6;64,00;5,06;No certificado
TMT1;0055;000000000001178358;2,136;M3;0,000;;TRU UL C2 S/F 4324x1220x15/1RA/TA64L2;MAMDFMDF01MF011212;3124123863;22-06-2026;00000000;2026;8;26,99;2,14;No certificado
TMT1;0055;000000000001178358;5,064;M3;0,000;;TRU UL C2 S/F 4324x1220x15/1RA/TA64L2;MAMDFMDF01MF011212;3124123867;22-06-2026;00000000;2026;6;64,00;5,06;No certificado
TMT1;0055;000000000001178358;5,064;M3;0,000;;TRU UL C2 S/F 4324x1220x15/1RA/TA64L2;MAMDFMDF01MF011212;3124225945;10-09-2026;00000000;2026;9;64,00;5,06;No certificado
TMT1;0055;000000000001178358;5,064;M3;0,000;;TRU UL C2 S/F 4324x1220x15/1RA/TA64L2;MAMDFMDF01MF011212;3124225955;10-09-2026;00000000;2026;9;64,00;5,06;No certificado
TMT1;0055;000000000001178358;5,064;M3;0,000;;TRU UL C2 S/F 4324x1220x15/1RA/TA64L2;MAMDFMDF01MF011212;3124225960;09-09-2026;00000000;2026;9;64,00;5,06;No certificado
TMT1;0055;000000000001178358;5,064;M3;0,000;;TRU UL C2 S/F 4324x1220x15/1RA/TA64L2;MAMDFMDF01MF011212;3124225961;09-09-2026;00000000;2026;9;64,00;5,06;No certificado
TMT1;0055;000000000001178360;0,001;M3;0,000;;TRU UL C2 S/F 5185x1220x14/1RA/TA69;MAMDFMDF01MF011213;3124002546;20-01-2026;00000000;2026;4;0,01;0,00;No certificado
TMT1;0055;000000000001178360;1,594;M3;0,000;;TRU UL C2 S/F 5185x1220x14/1RA/TA69;MAMDFMDF01MF011213;3124199874;27-08-2026;00000000;2026;8;18,00;0,26;No certificado
TMT1;0055;000000000001178360;6,111;M3;0,000;;TRU UL C2 S/F 5185x1220x14/1RA/TA69;MAMDFMDF01MF011213;3124199931;17-08-2026;00000000;2026;8;69,00;1,00;No certificado
TMT1;0055;000000000001178360;3,454;M3;0,000;;TRU UL C2 S/F 5185x1220x14/1RA/TA69;MAMDFMDF01MF011213;3124224521;02-09-2026;00000000;2026;9;39,00;0,57;No certificado
TMT1;0055;000000000001178360;1,240;M3;0,000;;TRU UL C2 S/F 5185x1220x14/1RA/TA69;MAMDFMDF01MF011213;3124224792;04-09-2026;00000000;2026;9;14,00;0,20;No certificado
TMT1;0055;000000000001178360;4,251;M3;0,000;;TRU UL C2 S/F 5185x1220x14/1RA/TA69;MAMDFMDF01MF011213;3124224794;04-09-2026;00000000;2026;9;48,00;0,70;No certificado
TMT1;0055;000000000001178360;2,126;M3;0,000;;TRU UL C2 S/F 5185x1220x14/1RA/TA69;MAMDFMDF01MF011213;3124228015;07-09-2026;00000000;2026;9;24,00;0,35;No certificado
TMT1;0055;000000000001178362;0,046;M3;0,000;;TRU LI C2 S/F 4270x1220x9/1RA/TA108;MAMDFMDF01MF010944;3123950649;24-04-2026;00000000;2026;7;0,98;0,01;No certificado
TMT1;0055;000000000001178362;0,046;M3;0,000;;TRU LI C2 S/F 4270x1220x9/1RA/TA108;MAMDFMDF01MF010944;3124172716;27-07-2026;00000000;2026;8;0,98;0,01;No certificado
TMT1;0055;000000000001178362;1,829;M3;0,000;;TRU LI C2 S/F 4270x1220x9/1RA/TA108;MAMDFMDF01MF010944;3124200080;24-08-2026;00000000;2026;8;39,01;0,36;No certificado
TMT1;0055;000000000001178362;0,985;M3;0,000;;TRU LI C2 S/F 4270x1220x9/1RA/TA108;MAMDFMDF01MF010944;3124200082;20-08-2026;00000000;2026;8;21,01;0,19;No certificado
TMT1;0055;000000000001178362;3,188;M3;0,000;;TRU LI C2 S/F 4270x1220x9/1RA/TA108;MAMDFMDF01MF010944;3124200085;25-08-2026;00000000;2026;8;67,99;0,63;No certificado
TMT1;0055;000000000001178362;0,375;M3;0,000;;TRU LI C2 S/F 4270x1220x9/1RA/TA108;MAMDFMDF01MF010944;3124200086;25-08-2026;00000000;2026;9;8,00;0,07;No certificado
TMT1;0055;000000000001178362;0,375;M3;0,000;;TRU LI C2 S/F 4270x1220x9/1RA/TA108;MAMDFMDF01MF010944;3124200105;25-08-2026;00000000;2026;9;8,00;0,07;No certificado
TMT1;0055;000000000001178363;0,053;M3;0,000;;TRU LI C2 S/F 4880x1220x9/1RA/TA108;MAMDFMDF01MF010563;3123980372;09-03-2026;00000000;2026;5;0,99;0,01;No certificado
TMT1;0055;000000000001178363;0,001;M3;0,000;;TRU LI C2 S/F 4880x1220x9/1RA/TA108;MAMDFMDF01MF010563;3123980390;09-01-2026;00000000;2026;6;0,02;0,00;No certificado
TMT1;0055;000000000001178363;0,321;M3;0,000;;TRU LI C2 S/F 4880x1220x9/1RA/TA108;MAMDFMDF01MF010563;3124048182;09-09-2026;00000000;2026;9;5,99;0,06;No certificado
TMT1;0055;000000000001178363;0,268;M3;0,000;;TRU LI C2 S/F 4880x1220x9/1RA/TA108;MAMDFMDF01MF010563;3124048221;20-08-2026;00000000;2026;8;5,00;0,05;No certificado
TMT1;0055;000000000001178363;3,269;M3;0,000;;TRU LI C2 S/F 4880x1220x9/1RA/TA108;MAMDFMDF01MF010563;3124048222;20-08-2026;00000000;2026;8;61,01;0,56;No certificado
TMT1;0055;000000000001178363;5,787;M3;0,000;;TRU LI C2 S/F 4880x1220x9/1RA/TA108;MAMDFMDF01MF010563;3124048227;27-07-2026;00000000;2026;7;108,00;1,00;No certificado
TMT1;0055;000000000001178369;0,075;M3;0,000;;TRU UL C2 S/F 5185x1220x12/1RA/TA78;MAMDFMDF01MF011213;3124121066;23-07-2026;00000000;2026;8;0,99;0,01;No certificado
TMT1;0055;000000000001178369;5,238;M3;0,000;;TRU UL C2 S/F 5185x1220x12/1RA/TA78;MAMDFMDF01MF011213;3124193614;06-08-2026;00000000;2026;8;69,00;0,88;No certificado
TMT1;0055;000000000001178374;2,087;M3;0,000;;TRU UL C2 S/F 5185x1220x30/1RA/TA30;MAMDFMDF01MF011202;3123956182;11-03-2026;00000000;2026;6;11,00;2,09;No certificado
TMT1;0055;000000000001178374;3,795;M3;0,000;;TRU UL C2 S/F 5185x1220x30/1RA/TA30;MAMDFMDF01MF011202;3124066361;26-08-2026;00000000;2026;8;20,00;3,80;No certificado
TMT1;0055;000000000001178374;0,189;M3;0,000;;TRU UL C2 S/F 5185x1220x30/1RA/TA30;MAMDFMDF01MF011202;3124066401;30-03-2026;00000000;2026;4;1,00;0,19;No certificado
TMT1;0055;000000000001178375;2,560;M3;0,000;;TRU LI C2 S/F 4880x1220x10/1RA/TA96;MAMDFMDF01MF010086;3123896035;29-07-2026;00000000;2026;9;43,00;0,45;No certificado
TMT1;0055;000000000001178379;0,001;M3;0,000;;TRU UL C2 S/F 5185x1220x15/1RA/TA64;MAMDFMDF01MF011213;3124072443;06-04-2026;00000000;2026;5;0,01;0,00;No certificado
TMT1;0055;000000000001178379;0,094;M3;0,000;;TRU UL C2 S/F 5185x1220x15/1RA/TA64;MAMDFMDF01MF011213;3124088550;06-05-2026;00000000;2026;7;0,99;0,02;No certificado
TMT1;0055;000000000001178379;0,001;M3;0,000;;TRU UL C2 S/F 5185x1220x15/1RA/TA64;MAMDFMDF01MF011213;3124090103;30-04-2026;00000000;2026;5;0,01;0,00;No certificado
TMT1;0055;000000000001178379;0,094;M3;0,000;;TRU UL C2 S/F 5185x1220x15/1RA/TA64;MAMDFMDF01MF011213;3124100213;29-04-2026;00000000;2026;5;0,99;0,02;No certificado
TMT1;0055;000000000001178379;0,001;M3;0,000;;TRU UL C2 S/F 5185x1220x15/1RA/TA64;MAMDFMDF01MF011213;3124115819;19-05-2026;00000000;2026;5;0,01;0,00;No certificado
TMT1;0055;000000000001178379;0,094;M3;0,000;;TRU UL C2 S/F 5185x1220x15/1RA/TA64;MAMDFMDF01MF011213;3124115831;20-05-2026;00000000;2026;6;0,99;0,02;No certificado
TMT1;0055;000000000001178379;0,094;M3;0,000;;TRU UL C2 S/F 5185x1220x15/1RA/TA64;MAMDFMDF01MF011213;3124124178;06-08-2026;00000000;2026;9;0,99;0,02;No certificado
TMT1;0055;000000000001178379;0,094;M3;0,000;;TRU UL C2 S/F 5185x1220x15/1RA/TA64;MAMDFMDF01MF011213;3124124190;06-08-2026;00000000;2026;9;0,99;0,02;No certificado
TMT1;0055;000000000001178379;0,094;M3;0,000;;TRU UL C2 S/F 5185x1220x15/1RA/TA64;MAMDFMDF01MF011213;3124124192;06-08-2026;00000000;2026;9;0,99;0,02;No certificado
TMT1;0055;000000000001178379;0,285;M3;0,000;;TRU UL C2 S/F 5185x1220x15/1RA/TA64;MAMDFMDF01MF011213;3124193783;10-08-2026;00000000;2026;9;3,00;0,05;No certificado
TMT1;0055;000000000001178379;3,321;M3;0,000;;TRU UL C2 S/F 5185x1220x15/1RA/TA64;MAMDFMDF01MF011213;3124214425;09-09-2026;00000000;2026;9;35,00;0,55;No certificado
TMT1;0055;000000000001178379;2,277;M3;0,000;;TRU UL C2 S/F 5185x1220x15/1RA/TA64;MAMDFMDF01MF011213;3124222932;03-09-2026;00000000;2026;9;24,00;0,37;No certificado
TMT1;0055;000000000001178379;6,073;M3;0,000;;TRU UL C2 S/F 5185x1220x15/1RA/TA64;MAMDFMDF01MF011213;3124222962;01-09-2026;00000000;2026;9;64,00;1,00;No certificado
TMT1;0055;000000000001178379;6,073;M3;0,000;;TRU UL C2 S/F 5185x1220x15/1RA/TA64;MAMDFMDF01MF011213;3124222968;01-09-2026;00000000;2026;9;64,00;1,00;No certificado
TMT1;0055;000000000001178379;6,073;M3;0,000;;TRU UL C2 S/F 5185x1220x15/1RA/TA64;MAMDFMDF01MF011213;3124222979;01-09-2026;00000000;2026;9;64,00;1,00;No certificado
TMT1;0055;000000000001178379;4,270;M3;0,000;;TRU UL C2 S/F 5185x1220x15/1RA/TA64;MAMDFMDF01MF011213;3124222988;07-09-2026;00000000;2026;9;45,00;0,70;No certificado
TMT1;0055;000000000001178379;6,073;M3;0,000;;TRU UL C2 S/F 5185x1220x15/1RA/TA64;MAMDFMDF01MF011213;3124222996;07-09-2026;00000000;2026;9;64,00;1,00;No certificado
TMT1;0055;000000000001178379;2,372;M3;0,000;;TRU UL C2 S/F 5185x1220x15/1RA/TA64;MAMDFMDF01MF011213;3124222997;09-09-2026;00000000;2026;9;25,00;0,39;No certificado
TMT1;0055;000000000001178379;6,073;M3;0,000;;TRU UL C2 S/F 5185x1220x15/1RA/TA64;MAMDFMDF01MF011213;3124222998;07-09-2026;00000000;2026;9;64,00;1,00;No certificado
TMT1;0055;000000000001178379;6,073;M3;0,000;;TRU UL C2 S/F 5185x1220x15/1RA/TA64;MAMDFMDF01MF011213;3124223003;07-09-2026;00000000;2026;9;64,00;1,00;No certificado
TMT1;0055;000000000001178380;0,001;M3;0,000;;TRU UL C2 S/F 4324x1220x12/1RA/TA78;MAMDFMDF01MF011212;3123786960;02-12-2025;00000000;2026;8;0,02;0,00;No certificado
TMT1;0055;000000000001178381;5,125;M3;0,000;;TRU UL C2 S/F 4376x1220x15/1RA/TA64;MAMDFMDF01MF011212;3124106034;12-06-2026;00000000;2026;6;64,00;5,13;No certificado
TMT1;0055;000000000001274922;5,488;M3;0,000;;TRU LI C2 4900x1220x17/1RA/TA-RIP54;MAMDFMDF01MF010951;3124073687;23-07-2026;00000000;2026;7;54,00;1,00;No certificado
TMT1;0055;000000000001274922;5,488;M3;0,000;;TRU LI C2 4900x1220x17/1RA/TA-RIP54;MAMDFMDF01MF010951;3124073701;23-07-2026;00000000;2026;7;54,00;1,00;No certificado
TMT1;0055;000000000001274922;5,488;M3;0,000;;TRU LI C2 4900x1220x17/1RA/TA-RIP54;MAMDFMDF01MF010951;3124073702;23-07-2026;00000000;2026;7;54,00;1,00;No certificado
TMT1;0055;000000000001274922;5,488;M3;0,000;;TRU LI C2 4900x1220x17/1RA/TA-RIP54;MAMDFMDF01MF010951;3124073703;23-07-2026;00000000;2026;7;54,00;1,00;No certificado
TMT1;0055;000000000001274922;5,488;M3;0,000;;TRU LI C2 4900x1220x17/1RA/TA-RIP54;MAMDFMDF01MF010951;3124073711;23-07-2026;00000000;2026;7;54,00;1,00;No certificado
TMT1;0055;000000000001278137;2,945;M3;0,000;;TRU UL C2 MOL 2440x1524x12/1RA/TA66;MAMDFMDF01MF010380;3123846030;06-05-2026;00000000;2026;5;66,00;1,00;No certificado
TMT1;0055;000000000001598610;0,001;M3;0,000;;TRU UL C2 S/F 4880x1220x11/1RA/TA78;MAMDFMDF01MF010397;3124061465;13-03-2026;00000000;2026;7;0,02;0,00;No certificado
TMT1;0055;000000000001598610;0,524;M3;0,000;;TRU UL C2 S/F 4880x1220x11/1RA/TA78;MAMDFMDF01MF010397;3124174405;27-07-2026;00000000;2026;7;8,00;0,10;No certificado
TMT1;0055;000000000001598610;5,108;M3;0,000;;TRU UL C2 S/F 4880x1220x11/1RA/TA78;MAMDFMDF01MF010397;3124219157;26-08-2026;00000000;2026;8;78,00;1,00;No certificado
TMT1;0055;000000000001598610;5,108;M3;0,000;;TRU UL C2 S/F 4880x1220x11/1RA/TA78;MAMDFMDF01MF010397;3124219182;28-08-2026;00000000;2026;8;78,00;1,00;No certificado
TMT1;0055;000000000001598610;5,108;M3;0,000;;TRU UL C2 S/F 4880x1220x11/1RA/TA78;MAMDFMDF01MF010397;3124219185;28-08-2026;00000000;2026;8;78,00;1,00;No certificado
TMT1;0055;000000000001619235;2,501;M3;0,000;;TRU UL C2 2135x1220x15/1RA/TA63;MAMDFMDF01MF010564;3124223322;08-09-2026;00000000;2026;9;64,02;1,02;No certificado
TMT1;0055;000000000001619235;2,501;M3;0,000;;TRU UL C2 2135x1220x15/1RA/TA63;MAMDFMDF01MF010564;3124223323;07-09-2026;00000000;2026;9;64,02;1,02;No certificado
TMT1;0055;000000000001619235;2,501;M3;0,000;;TRU UL C2 2135x1220x15/1RA/TA63;MAMDFMDF01MF010564;3124223333;07-09-2026;00000000;2026;9;64,02;1,02;No certificado
TMT1;0055;000000000001619235;2,501;M3;0,000;;TRU UL C2 2135x1220x15/1RA/TA63;MAMDFMDF01MF010564;3124223335;08-09-2026;00000000;2026;9;64,02;1,02;No certificado
TMT1;0055;000000000001619235;2,501;M3;0,000;;TRU UL C2 2135x1220x15/1RA/TA63;MAMDFMDF01MF010564;3124223337;08-09-2026;00000000;2026;9;64,02;1,02;No certificado
TMT1;0055;000000000001619235;2,501;M3;0,000;;TRU UL C2 2135x1220x15/1RA/TA63;MAMDFMDF01MF010564;3124223338;08-09-2026;00000000;2026;9;64,02;1,02;No certificado
TMT1;0055;000000000001619235;2,501;M3;0,000;;TRU UL C2 2135x1220x15/1RA/TA63;MAMDFMDF01MF010564;3124223339;07-09-2026;00000000;2026;9;64,02;1,02;No certificado
TMT1;0055;000000000001619235;2,501;M3;0,000;;TRU UL C2 2135x1220x15/1RA/TA63;MAMDFMDF01MF010564;3124223340;07-09-2026;00000000;2026;9;64,02;1,02;No certificado
TMT1;0055;000000000001619235;2,501;M3;0,000;;TRU UL C2 2135x1220x15/1RA/TA63;MAMDFMDF01MF010564;3124223341;07-09-2026;00000000;2026;9;64,02;1,02;No certificado
TMT1;0055;000000000001619235;2,501;M3;0,000;;TRU UL C2 2135x1220x15/1RA/TA63;MAMDFMDF01MF010564;3124223342;07-09-2026;00000000;2026;9;64,02;1,02;No certificado
TMT1;0055;000000000001619235;2,501;M3;0,000;;TRU UL C2 2135x1220x15/1RA/TA63;MAMDFMDF01MF010564;3124223372;08-09-2026;00000000;2026;9;64,02;1,02;No certificado
TMT1;0055;000000000001619235;2,501;M3;0,000;;TRU UL C2 2135x1220x15/1RA/TA63;MAMDFMDF01MF010564;3124223373;08-09-2026;00000000;2026;9;64,02;1,02;No certificado
TMT1;0055;000000000001619235;2,501;M3;0,000;;TRU UL C2 2135x1220x15/1RA/TA63;MAMDFMDF01MF010564;3124223374;08-09-2026;00000000;2026;9;64,02;1,02;No certificado
TMT1;0055;000000000001619235;2,501;M3;0,000;;TRU UL C2 2135x1220x15/1RA/TA63;MAMDFMDF01MF010564;3124223375;08-09-2026;00000000;2026;9;64,02;1,02;No certificado
TMT1;0055;000000000001619235;2,501;M3;0,000;;TRU UL C2 2135x1220x15/1RA/TA63;MAMDFMDF01MF010564;3124223390;08-09-2026;00000000;2026;9;64,02;1,02;No certificado
TMT1;0055;000000000001619235;2,501;M3;0,000;;TRU UL C2 2135x1220x15/1RA/TA63;MAMDFMDF01MF010564;3124223394;08-09-2026;00000000;2026;9;64,02;1,02;No certificado
TMT1;0055;000000000001619235;2,501;M3;0,000;;TRU UL C2 2135x1220x15/1RA/TA63;MAMDFMDF01MF010564;3124223395;08-09-2026;00000000;2026;9;64,02;1,02;No certificado
TMT1;0055;000000000001619235;2,501;M3;0,000;;TRU UL C2 2135x1220x15/1RA/TA63;MAMDFMDF01MF010564;3124223396;08-09-2026;00000000;2026;9;64,02;1,02;No certificado
TMT1;0055;000000000001619235;2,501;M3;0,000;;TRU UL C2 2135x1220x15/1RA/TA63;MAMDFMDF01MF010564;3124223411;04-09-2026;00000000;2026;9;64,02;1,02;No certificado
TMT1;0055;000000000001619235;2,501;M3;0,000;;TRU UL C2 2135x1220x15/1RA/TA63;MAMDFMDF01MF010564;3124223424;04-09-2026;00000000;2026;9;64,02;1,02;No certificado
TMT1;0055;000000000001619235;2,501;M3;0,000;;TRU UL C2 2135x1220x15/1RA/TA63;MAMDFMDF01MF010564;3124223425;04-09-2026;00000000;2026;9;64,02;1,02;No certificado
TMT1;0055;000000000001619235;2,501;M3;0,000;;TRU UL C2 2135x1220x15/1RA/TA63;MAMDFMDF01MF010564;3124223427;04-09-2026;00000000;2026;9;64,02;1,02;No certificado
TMT1;0055;000000000001619235;2,501;M3;0,000;;TRU UL C2 2135x1220x15/1RA/TA63;MAMDFMDF01MF010564;3124223444;04-09-2026;00000000;2026;9;64,02;1,02;No certificado
TMT1;0055;000000000001619235;2,501;M3;0,000;;TRU UL C2 2135x1220x15/1RA/TA63;MAMDFMDF01MF010564;3124223445;04-09-2026;00000000;2026;9;64,02;1,02;No certificado
TMT1;0055;000000000001619235;2,501;M3;0,000;;TRU UL C2 2135x1220x15/1RA/TA63;MAMDFMDF01MF010564;3124223446;04-09-2026;00000000;2026;9;64,02;1,02;No certificado
TMT1;0055;000000000001619235;2,501;M3;0,000;;TRU UL C2 2135x1220x15/1RA/TA63;MAMDFMDF01MF010564;3124223447;04-09-2026;00000000;2026;9;64,02;1,02;No certificado
TMT1;0055;000000000001619235;2,501;M3;0,000;;TRU UL C2 2135x1220x15/1RA/TA63;MAMDFMDF01MF010564;3124223461;04-09-2026;00000000;2026;9;64,02;1,02;No certificado
TMT1;0055;000000000001619235;2,501;M3;0,000;;TRU UL C2 2135x1220x15/1RA/TA63;MAMDFMDF01MF010564;3124223462;04-09-2026;00000000;2026;9;64,02;1,02;No certificado
TMT1;0055;000000000001619235;2,501;M3;0,000;;TRU UL C2 2135x1220x15/1RA/TA63;MAMDFMDF01MF010564;3124223463;04-09-2026;00000000;2026;9;64,02;1,02;No certificado
TMT1;0055;000000000001619235;2,501;M3;0,000;;TRU UL C2 2135x1220x15/1RA/TA63;MAMDFMDF01MF010564;3124223464;04-09-2026;00000000;2026;9;64,02;1,02;No certificado
TMT1;0055;000000000001619235;2,501;M3;0,000;;TRU UL C2 2135x1220x15/1RA/TA63;MAMDFMDF01MF010564;3124223478;04-09-2026;00000000;2026;9;64,02;1,02;No certificado
TMT1;0055;000000000001619235;2,501;M3;0,000;;TRU UL C2 2135x1220x15/1RA/TA63;MAMDFMDF01MF010564;3124223479;07-09-2026;00000000;2026;9;64,02;1,02;No certificado
TMT1;0055;000000000001619235;2,501;M3;0,000;;TRU UL C2 2135x1220x15/1RA/TA63;MAMDFMDF01MF010564;3124223480;04-09-2026;00000000;2026;9;64,02;1,02;No certificado
TMT1;0055;000000000001619235;2,501;M3;0,000;;TRU UL C2 2135x1220x15/1RA/TA63;MAMDFMDF01MF010564;3124223481;04-09-2026;00000000;2026;9;64,02;1,02;No certificado
TMT1;0055;000000000001619235;2,501;M3;0,000;;TRU UL C2 2135x1220x15/1RA/TA63;MAMDFMDF01MF010564;3124223501;07-09-2026;00000000;2026;9;64,02;1,02;No certificado
TMT1;0055;000000000001619235;2,501;M3;0,000;;TRU UL C2 2135x1220x15/1RA/TA63;MAMDFMDF01MF010564;3124223502;07-09-2026;00000000;2026;9;64,02;1,02;No certificado
TMT1;0055;000000000001619235;2,501;M3;0,000;;TRU UL C2 2135x1220x15/1RA/TA63;MAMDFMDF01MF010564;3124223503;07-09-2026;00000000;2026;9;64,02;1,02;No certificado
TMT1;0055;000000000001619235;2,501;M3;0,000;;TRU UL C2 2135x1220x15/1RA/TA63;MAMDFMDF01MF010564;3124223504;04-09-2026;00000000;2026;9;64,02;1,02;No certificado
TMT1;0055;000000000001619235;2,501;M3;0,000;;TRU UL C2 2135x1220x15/1RA/TA63;MAMDFMDF01MF010564;3124223528;07-09-2026;00000000;2026;9;64,02;1,02;No certificado
TMT1;0055;000000000001619235;2,501;M3;0,000;;TRU UL C2 2135x1220x15/1RA/TA63;MAMDFMDF01MF010564;3124223530;07-09-2026;00000000;2026;9;64,02;1,02;No certificado
TMT1;0055;000000000001619235;2,501;M3;0,000;;TRU UL C2 2135x1220x15/1RA/TA63;MAMDFMDF01MF010564;3124223532;07-09-2026;00000000;2026;9;64,02;1,02;No certificado
TMT1;0055;000000000001619235;2,501;M3;0,000;;TRU UL C2 2135x1220x15/1RA/TA63;MAMDFMDF01MF010564;3124223533;07-09-2026;00000000;2026;9;64,02;1,02;No certificado
TMT1;0055;000000000001619235;2,501;M3;0,000;;TRU UL C2 2135x1220x15/1RA/TA63;MAMDFMDF01MF010564;3124223547;07-09-2026;00000000;2026;9;64,02;1,02;No certificado
TMT1;0055;000000000001619235;2,501;M3;0,000;;TRU UL C2 2135x1220x15/1RA/TA63;MAMDFMDF01MF010564;3124223548;07-09-2026;00000000;2026;9;64,02;1,02;No certificado
TMT1;0055;000000000001619237;0,066;M3;0,000;;TRU UL C2 3050x1220x18/1RA/TA54;MAMDFMDF01MF010384;3123821133;09-06-2026;00000000;2026;6;0,99;0,02;No certificado
TMT1;0055;000000000001630154;2,180;M3;0,000;;TRU UL C2 S/F 4570x1220x17/1RA/TA54;MAMDFMDF01MF011255;3124168366;06-08-2026;00000000;2026;8;23,00;0,43;No certificado
TMT1;0055;000000000001636605;2,590;M3;0,000;;TRU UL C2 S/F 4880x1220x29/1RA/TA30;MAMDFMDF01MF010398;3124048681;25-03-2026;00000000;2026;5;15,00;0,50;No certificado
TMT1;0055;000000000001643189;0,295;M3;0,000;;TRU UL C2 S/F4475x1220x18/1RA/TA54L2;MAMDFMDF01MF011214;3124057562;28-07-2026;00000000;2026;7;3,00;0,06;No certificado
TMT1;0055;000000000001645163;4,593;M3;0,000;;TRU UL C2 S/F 5185x1220x22/1RA/TA44;MAMDFMDF01MF011213;3123726030;05-05-2025;00000000;2025;10;33,01;4,59;No certificado
TMT1;0055;000000000001645163;6,123;M3;0,000;;TRU UL C2 S/F 5185x1220x22/1RA/TA44;MAMDFMDF01MF011213;3124171293;20-08-2026;00000000;2026;8;44,00;6,12;No certificado
TMT1;0055;000000000001645163;6,123;M3;0,000;;TRU UL C2 S/F 5185x1220x22/1RA/TA44;MAMDFMDF01MF011213;3124171294;20-08-2026;00000000;2026;8;44,00;6,12;No certificado
TMT1;0055;000000000001645163;6,123;M3;0,000;;TRU UL C2 S/F 5185x1220x22/1RA/TA44;MAMDFMDF01MF011213;3124171298;20-08-2026;00000000;2026;8;44,00;6,12;No certificado
TMT1;0055;000000000001645163;6,123;M3;0,000;;TRU UL C2 S/F 5185x1220x22/1RA/TA44;MAMDFMDF01MF011213;3124171300;20-08-2026;00000000;2026;8;44,00;6,12;No certificado
TMT1;0055;000000000001645163;6,123;M3;0,000;;TRU UL C2 S/F 5185x1220x22/1RA/TA44;MAMDFMDF01MF011213;3124171304;20-08-2026;00000000;2026;8;44,00;6,12;No certificado
TMT1;0055;000000000001645163;6,123;M3;0,000;;TRU UL C2 S/F 5185x1220x22/1RA/TA44;MAMDFMDF01MF011213;3124171305;20-08-2026;00000000;2026;8;44,00;6,12;No certificado
TMT1;0055;000000000001645163;1,670;M3;0,000;;TRU UL C2 S/F 5185x1220x22/1RA/TA44;MAMDFMDF01MF011213;3124171315;14-07-2026;00000000;2026;8;12,00;1,67;No certificado
TMT1;0055;000000000001645163;6,123;M3;0,000;;TRU UL C2 S/F 5185x1220x22/1RA/TA44;MAMDFMDF01MF011213;3124171316;20-08-2026;00000000;2026;8;44,00;6,12;No certificado
TMT1;0055;000000000001645163;6,123;M3;0,000;;TRU UL C2 S/F 5185x1220x22/1RA/TA44;MAMDFMDF01MF011213;3124171322;20-08-2026;00000000;2026;8;44,00;6,12;No certificado
TMT1;0055;000000000001735661;4,939;M3;0,000;;TRU UL C2 4270x1220x12/1RA/TA79;MAMDFMDF01MF010392;3124220593;04-09-2026;00000000;2026;9;79,00;1,00;No certificado
TMT1;0055;000000000001735661;4,939;M3;0,000;;TRU UL C2 4270x1220x12/1RA/TA79;MAMDFMDF01MF010392;3124220594;04-09-2026;00000000;2026;9;79,00;1,00;No certificado
TMT1;0055;000000000001757700;0,117;M3;0,000;;TRU UL C2 4880x1220x20/1RA/TA48;MAMDFMDF01MF010335;3124044471;17-02-2026;00000000;2026;4;0,98;0,02;No certificado
TMT1;0055;000000000001759243;2,149;M3;0,000;;TRU LI C2 S/F 2135x1220x15/1RA/TA64;MAMDFMDF01MF011741;3124216530;03-09-2026;00000000;2026;9;54,99;0,86;No certificado
TMT1;0055;000000000001759243;2,149;M3;0,000;;TRU LI C2 S/F 2135x1220x15/1RA/TA64;MAMDFMDF01MF011741;3124216532;03-09-2026;00000000;2026;9;54,99;0,86;No certificado
TMT1;0055;000000000001762761;0,448;M3;0,000;;TRU UL C2 2160X1524X17/1RA/TA64;MAMDFMDF01MF011743;3123740255;08-09-2025;00000000;2025;9;8,00;0,45;No certificado
TMT1;0055;000000000001764691;2,325;M3;0,000;;TRU ST C2 S/F 2076x1220x17/1RA/TA54;MAMDFMDF01MF011748;3124078488;11-04-2026;00000000;2026;4;54,00;2,33;No certificado
TMT1;0055;000000000001764691;1,636;M3;0,000;;TRU ST C2 S/F 2076x1220x17/1RA/TA54;MAMDFMDF01MF011748;3124078489;11-04-2026;00000000;2026;4;38,00;1,64;No certificado
TMT1;0055;000000000001764691;1,722;M3;0,000;;TRU ST C2 S/F 2076x1220x17/1RA/TA54;MAMDFMDF01MF011748;3124078490;11-04-2026;00000000;2026;5;39,99;1,72;No certificado
TMT1;0055;000000000001764691;0,517;M3;0,000;;TRU ST C2 S/F 2076x1220x17/1RA/TA54;MAMDFMDF01MF011748;3124078491;13-08-2026;00000000;2026;8;12,01;0,52;No certificado
TMT1;0055;000000000001764691;2,325;M3;0,000;;TRU ST C2 S/F 2076x1220x17/1RA/TA54;MAMDFMDF01MF011748;3124078492;12-08-2026;00000000;2026;8;54,00;2,33;No certificado
TMT1;0055;000000000001764692;0,669;M3;0,000;;TRU ST C2 S/F 2482x1220x17/1RA/TA54;MAMDFMDF01MF011749;3123845807;16-09-2025;00000000;2026;3;12,99;0,67;No certificado
TMT1;0055;000000000001764692;2,780;M3;0,000;;TRU ST C2 S/F 2482x1220x17/1RA/TA54;MAMDFMDF01MF011749;3124078446;12-08-2026;00000000;2026;8;54,00;2,78;No certificado
TMT1;0055;000000000001764692;1,236;M3;0,000;;TRU ST C2 S/F 2482x1220x17/1RA/TA54;MAMDFMDF01MF011749;3124078449;12-08-2026;00000000;2026;8;24,01;1,24;No certificado
TMT1;0055;000000000001790259;2,119;M3;0,000;;TRU UL C2 S/F 2185x1220x15/1RA/TA64;MAMDFMDF01MF011216;3124164663;07-08-2026;00000000;2026;8;53,00;0,83;No certificado
TMT1;0055;000000000001790259;2,559;M3;0,000;;TRU UL C2 S/F 2185x1220x15/1RA/TA64;MAMDFMDF01MF011216;3124222407;07-09-2026;00000000;2026;9;64,00;1,00;No certificado
TMT1;0055;000000000001790259;2,559;M3;0,000;;TRU UL C2 S/F 2185x1220x15/1RA/TA64;MAMDFMDF01MF011216;3124222408;07-09-2026;00000000;2026;9;64,00;1,00;No certificado
TMT1;0055;000000000001790259;2,559;M3;0,000;;TRU UL C2 S/F 2185x1220x15/1RA/TA64;MAMDFMDF01MF011216;3124222422;07-09-2026;00000000;2026;9;64,00;1,00;No certificado
TMT1;0055;000000000001790259;1,080;M3;0,000;;TRU UL C2 S/F 2185x1220x15/1RA/TA64;MAMDFMDF01MF011216;3124222426;07-09-2026;00000000;2026;9;27,01;0,42;No certificado
TMT1;0055;000000000001790259;1,080;M3;0,000;;TRU UL C2 S/F 2185x1220x15/1RA/TA64;MAMDFMDF01MF011216;3124222427;07-09-2026;00000000;2026;9;27,01;0,42;No certificado
TMT1;0055;000000000001790259;2,559;M3;0,000;;TRU UL C2 S/F 2185x1220x15/1RA/TA64;MAMDFMDF01MF011216;3124223854;04-09-2026;00000000;2026;9;64,00;1,00;No certificado
TMT1;0055;000000000001790259;0,240;M3;0,000;;TRU UL C2 S/F 2185x1220x15/1RA/TA64;MAMDFMDF01MF011216;3124223870;04-09-2026;00000000;2026;9;6,00;0,09;No certificado
TMT1;0055;000000000001790263;0,712;M3;0,000;;TRU UL C2 S/F 2160x1220x15/1RA/TA64;MAMDFMDF01MF011216;3124177800;18-08-2026;00000000;2026;8;18,01;0,28;No certificado
TMT1;0055;000000000001790263;1,977;M3;0,000;;TRU UL C2 S/F 2160x1220x15/1RA/TA64;MAMDFMDF01MF011216;3124177803;01-09-2026;00000000;2026;9;50,01;0,78;No certificado
TMT1;0055;000000000001790263;1,107;M3;0,000;;TRU UL C2 S/F 2160x1220x15/1RA/TA64;MAMDFMDF01MF011216;3124177831;12-08-2026;00000000;2026;8;28,00;0,44;No certificado
TMT1;0055;000000000001790263;0,791;M3;0,000;;TRU UL C2 S/F 2160x1220x15/1RA/TA64;MAMDFMDF01MF011216;3124177843;14-08-2026;00000000;2026;8;20,01;0,31;No certificado
TMT1;0055;000000000001790263;0,632;M3;0,000;;TRU UL C2 S/F 2160x1220x15/1RA/TA64;MAMDFMDF01MF011216;3124177852;06-08-2026;00000000;2026;8;15,99;0,25;No certificado
TMT1;0055;000000000001790263;2,530;M3;0,000;;TRU UL C2 S/F 2160x1220x15/1RA/TA64;MAMDFMDF01MF011216;3124214592;10-09-2026;00000000;2026;9;64,00;1,00;No certificado
TMT1;0055;000000000001790263;2,530;M3;0,000;;TRU UL C2 S/F 2160x1220x15/1RA/TA64;MAMDFMDF01MF011216;3124214615;10-09-2026;00000000;2026;9;64,00;1,00;No certificado
TMT1;0055;000000000001790263;2,530;M3;0,000;;TRU UL C2 S/F 2160x1220x15/1RA/TA64;MAMDFMDF01MF011216;3124214624;10-09-2026;00000000;2026;9;64,00;1,00;No certificado
TMT1;0055;000000000001790263;2,530;M3;0,000;;TRU UL C2 S/F 2160x1220x15/1RA/TA64;MAMDFMDF01MF011216;3124214698;10-09-2026;00000000;2026;9;64,00;1,00;No certificado
TMT1;0055;000000000001790263;2,530;M3;0,000;;TRU UL C2 S/F 2160x1220x15/1RA/TA64;MAMDFMDF01MF011216;3124214701;10-09-2026;00000000;2026;9;64,00;1,00;No certificado
TMT1;0055;000000000001790263;2,530;M3;0,000;;TRU UL C2 S/F 2160x1220x15/1RA/TA64;MAMDFMDF01MF011216;3124214725;10-09-2026;00000000;2026;9;64,00;1,00;No certificado
TMT1;0055;000000000001790263;2,530;M3;0,000;;TRU UL C2 S/F 2160x1220x15/1RA/TA64;MAMDFMDF01MF011216;3124214735;10-09-2026;00000000;2026;9;64,00;1,00;No certificado
TMT1;0055;000000000001790264;0,055;M3;0,000;;TRU UL C2 S/F 3050x1220x15/1RA/TA64;MAMDFMDF01MF010384;3123743984;18-12-2025;00000000;2026;5;0,99;0,02;No certificado
TMT1;0055;000000000001790267;1,027;M3;0,000;;TRU LI 2440x1220x15/1RA/TA62;MAMDFMDF01MF010039;3124219246;31-08-2026;00000000;2026;8;23,00;0,37;No certificado
TMT1;0055;000000000001796945;0,088;M3;0,000;;TRU UL C2 S/F 3660x1220x20/1RA/TA50;MAMDFMDF01MF010387;3123913383;24-03-2026;00000000;2026;6;0,99;0,02;No certificado
TMT1;0055;000000000001796945;0,089;M3;0,000;;TRU UL C2 S/F 3660x1220x20/1RA/TA50;MAMDFMDF01MF010387;3123913386;09-04-2026;00000000;2026;8;1,00;0,02;No certificado
TMT1;0055;000000000001796945;2,322;M3;0,000;;TRU UL C2 S/F 3660x1220x20/1RA/TA50;MAMDFMDF01MF010387;3123913396;31-07-2026;00000000;2026;8;26,00;0,52;No certificado
TMT1;0055;000000000001796945;0,357;M3;0,000;;TRU UL C2 S/F 3660x1220x20/1RA/TA50;MAMDFMDF01MF010387;3124152504;12-06-2026;00000000;2026;6;4,00;0,08;No certificado
TMT1;0055;000000000001796945;4,465;M3;0,000;;TRU UL C2 S/F 3660x1220x20/1RA/TA50;MAMDFMDF01MF010387;3124191303;28-07-2026;00000000;2026;7;50,00;1,00;No certificado
TMT1;0055;000000000001796945;4,465;M3;0,000;;TRU UL C2 S/F 3660x1220x20/1RA/TA50;MAMDFMDF01MF010387;3124191307;28-07-2026;00000000;2026;8;50,00;1,00;No certificado
TMT1;0055;000000000001849508;5,889;M3;0,000;;TRU UL C2 S/F 5185x1220x19/1RA/TA49;MAMDFMDF01MF011213;3124220107;09-09-2026;00000000;2026;9;49,00;1,00;No certificado
TMT1;0055;000000000001849508;5,889;M3;0,000;;TRU UL C2 S/F 5185x1220x19/1RA/TA49;MAMDFMDF01MF011213;3124220121;26-08-2026;00000000;2026;9;49,00;1,00;No certificado
TMT1;0055;000000000001849509;5,543;M3;0,000;;TRU UL C2 S/F 4880x1220x19/1RA/TA49;MAMDFMDF01MF010397;3124219738;09-09-2026;00000000;2026;9;49,00;1,00;No certificado
TMT1;0055;000000000001849509;5,543;M3;0,000;;TRU UL C2 S/F 4880x1220x19/1RA/TA49;MAMDFMDF01MF010397;3124219760;09-09-2026;00000000;2026;9;49,00;1,00;No certificado
TMT1;0055;000000000001849509;5,543;M3;0,000;;TRU UL C2 S/F 4880x1220x19/1RA/TA49;MAMDFMDF01MF010397;3124219777;03-09-2026;00000000;2026;9;49,00;1,00;No certificado
TMT1;0055;000000000001849509;5,543;M3;0,000;;TRU UL C2 S/F 4880x1220x19/1RA/TA49;MAMDFMDF01MF010397;3124220056;02-09-2026;00000000;2026;9;49,00;1,00;No certificado
TMT1;0055;000000000001858380;3,055;M3;0,000;;TRU UL C2 S/F 2592x1220x14/1RA/TA69;MAMDFMDF01MF011207;3124228462;09-09-2026;00000000;2026;9;69,00;1,00;No certificado
TMT1;0055;000000000001858380;3,055;M3;0,000;;TRU UL C2 S/F 2592x1220x14/1RA/TA69;MAMDFMDF01MF011207;3124228463;09-09-2026;00000000;2026;9;69,00;1,00;No certificado
TMT1;0055;000000000001858380;3,055;M3;0,000;;TRU UL C2 S/F 2592x1220x14/1RA/TA69;MAMDFMDF01MF011207;3124228468;09-09-2026;00000000;2026;9;69,00;1,00;No certificado
